Area,Rooms,Floor,BuildingAge,MetroMinutes,District,Renovation,PriceMillion
48.9,1,22,36,10.4,Центр,Обычный,14.4
102.9,3,8,13,5.9,Центр,Обычный,30.35
82.7,3,2,43,21.3,Центр,Без ремонта,17.19
71.3,2,17,51,10.3,Юг,Хороший,17.58
69.5,3,23,34,12.0,Юг,Обычный,15.59
120.5,5,22,26,2.9,Север,Обычный,30.07
133.9,5,11,56,23.1,Восток,Хороший,29.99
48.8,1,5,9,24.7,Юг,Обычный,7.03
104.4,5,5,38,20.5,Центр,Хороший,25.68
62.9,2,22,38,5.5,Юг,Без ремонта,13.81
141.1,5,14,28,25.1,Юг,Без ремонта,26.71
135.6,4,18,3,32.6,Юг,Обычный,26.4
102.4,4,21,6,31.9,Север,Обычный,19.32
116.1,5,24,1,33.9,Юг,Обычный,25.05
88.3,4,8,30,30.8,Север,Обычный,17.67
124.6,4,9,47,25.4,Север,Без ремонта,25.1
80.5,3,16,35,7.8,Север,Обычный,19.52
67.6,3,23,18,34.9,Восток,Хороший,14.81
60.5,2,21,40,9.2,Запад,Обычный,12.0
54.5,2,5,37,14.7,Юг,Обычный,10.32
89.5,3,23,31,33.0,Юг,Хороший,20.85
78.4,2,19,27,34.8,Север,Хороший,19.99
105.6,4,21,40,12.2,Юг,Обычный,18.05
29.5,1,24,60,33.0,Запад,Хороший,11.53
80.4,2,2,19,7.4,Север,Обычный,19.14
70.7,2,14,5,9.8,Юг,Хороший,18.0
50.9,2,1,54,4.0,Запад,Без ремонта,6.26
97.6,1,4,60,24.7,Восток,Без ремонта,13.86
78.9,3,9,55,4.4,Восток,Обычный,20.13
63.1,2,25,42,20.3,Юг,Хороший,15.56
52.5,2,17,32,16.5,Центр,Хороший,18.14
130.3,4,15,60,12.2,Юг,Обычный,25.37
121.3,3,3,31,26.0,Север,Обычный,23.44
99.0,4,7,11,23.1,Центр,Хороший,26.59
68.4,1,1,28,13.7,Юг,Хороший,18.41
138.8,5,23,17,9.0,Юг,Обычный,32.1
93.9,3,11,6,29.5,Восток,Обычный,21.34
78.6,2,21,7,23.4,Восток,Обычный,16.8
133.4,5,2,6,34.4,Север,Обычный,28.77
65.4,3,24,60,8.4,Восток,Без ремонта,16.6
109.4,4,14,52,33.8,Юг,Без ремонта,20.91
64.7,2,17,17,33.3,Юг,Обычный,16.0
58.6,1,19,15,32.3,Восток,Обычный,8.97
110.0,5,6,15,16.0,Юг,Обычный,19.42
54.7,2,12,16,27.9,Восток,Обычный,13.87
85.7,3,15,33,18.0,Запад,Обычный,19.02
95.9,4,20,36,29.1,Юг,Хороший,13.52
50.1,1,13,53,10.7,Восток,Без ремонта,10.88
113.6,4,15,52,27.1,Север,Обычный,25.67
92.2,3,13,33,7.3,Север,Хороший,24.17
100.7,3,8,14,11.7,Центр,Обычный,26.09
71.5,1,1,0,16.1,Восток,Обычный,12.5
77.2,3,21,13,6.9,Север,Хороший,24.07
85.9,3,7,19,11.1,Север,Хороший,28.07
83.0,4,10,14,25.6,Запад,Без ремонта,23.37
107.0,5,7,38,25.5,Север,Хороший,25.3
95.5,3,18,37,29.6,Север,Обычный,20.08
76.7,3,3,29,32.0,Север,Хороший,20.16
28.2,1,12,36,10.5,Восток,Хороший,7.25
120.9,4,10,13,26.5,Юг,Обычный,23.54
88.8,3,16,17,7.2,Юг,Обычный,21.67
66.2,3,12,21,24.3,Север,Обычный,15.83
86.5,4,6,24,2.6,Запад,Обычный,20.15
38.9,1,18,26,3.2,Север,Обычный,10.79
133.9,6,20,59,29.6,Центр,Обычный,27.68
143.8,5,13,0,25.9,Восток,Без ремонта,27.96
34.9,1,18,27,11.9,Запад,Без ремонта,10.68
69.9,1,12,38,26.7,Север,Хороший,15.12
113.4,4,14,0,12.3,Центр,Обычный,27.49
64.8,2,4,51,20.4,Центр,Обычный,15.57
94.3,4,15,25,27.5,Запад,Без ремонта,16.34
76.7,3,6,10,8.3,Юг,Обычный,19.26
118.6,5,22,55,14.0,Восток,Хороший,24.16
140.1,5,9,48,13.6,Запад,Обычный,27.88
131.9,5,5,20,24.2,Запад,Обычный,29.08
100.6,4,4,24,9.1,Восток,Обычный,17.95
46.8,1,1,3,22.4,Север,Обычный,14.71
138.8,5,7,16,26.9,Центр,Без ремонта,33.61
30.8,1,7,1,9.6,Север,Обычный,9.66
62.8,3,11,35,14.0,Центр,Обычный,20.79
60.9,2,1,15,3.5,Запад,Обычный,16.56
106.6,4,6,10,19.7,Восток,Хороший,27.22
85.0,3,22,21,18.6,Восток,Обычный,21.68
38.9,2,7,18,24.6,Юг,Обычный,13.79
29.5,3,23,52,19.9,Восток,Обычный,8.18
98.7,5,20,49,30.5,Юг,Хороший,27.76
85.5,4,3,47,29.9,Центр,Обычный,23.27
98.4,4,10,26,5.8,Запад,Хороший,29.58
94.0,3,1,41,21.5,Север,Обычный,19.81
132.2,4,10,58,24.6,Центр,Обычный,30.5
135.5,4,11,22,17.3,Юг,Хороший,35.72
50.0,2,20,16,11.1,Центр,Хороший,17.35
138.2,6,9,12,7.0,Юг,Обычный,27.91
120.2,4,20,14,26.8,Запад,Хороший,34.11
102.8,4,13,6,2.6,Юг,Обычный,19.19
105.2,3,18,32,19.4,Север,Без ремонта,23.11
91.9,2,9,16,34.8,Юг,Обычный,16.2
135.3,5,15,49,25.8,Север,Обычный,27.46
55.3,1,1,42,7.5,Север,Без ремонта,6.75
98.1,3,2,48,30.0,Запад,Хороший,21.77
123.3,6,19,19,23.7,Север,Хороший,26.65
43.8,2,22,14,27.8,Запад,Обычный,11.04
100.0,4,2,37,10.8,Запад,Обычный,23.64
75.1,3,16,11,33.1,Запад,Без ремонта,11.75
117.6,4,3,7,24.4,Центр,Хороший,33.05
35.9,1,24,20,9.8,Центр,Хороший,17.75
99.0,4,2,25,13.4,Центр,Хороший,22.67
128.3,5,5,24,7.8,Восток,Обычный,27.1
101.5,3,21,60,2.3,Юг,Обычный,19.59
65.6,1,3,11,4.4,Запад,Обычный,24.63
104.7,3,5,60,7.0,Центр,Без ремонта,23.42
67.6,3,23,10,30.7,Юг,Хороший,13.65
106.2,5,2,52,22.1,Запад,Без ремонта,21.31
43.0,2,8,45,16.7,Восток,Без ремонта,4.86
60.8,3,22,53,19.1,Север,Без ремонта,10.15
31.8,1,24,18,33.1,Север,Обычный,10.62
37.8,2,4,38,14.9,Юг,Обычный,8.43
92.9,3,19,56,15.2,Центр,Обычный,23.08
55.1,2,24,23,7.8,Север,Обычный,16.87
88.4,1,6,32,6.9,Запад,Обычный,24.36
105.2,4,13,53,2.8,Центр,Обычный,27.35
131.1,5,16,2,20.3,Запад,Без ремонта,25.2
69.5,4,9,37,20.8,Центр,Хороший,21.15
65.3,2,9,43,19.4,Север,Хороший,17.25
64.7,2,10,2,26.4,Центр,Обычный,17.53
41.8,1,21,11,6.9,Север,Хороший,15.77
105.6,4,1,55,21.1,Юг,Обычный,18.99
123.9,5,17,25,33.2,Юг,Без ремонта,27.52
83.3,3,14,29,22.0,Запад,Без ремонта,18.09
93.3,3,19,26,27.7,Восток,Обычный,15.69
140.1,6,19,16,18.7,Север,Без ремонта,29.26
109.8,4,8,2,5.6,Юг,Хороший,28.96
115.2,4,12,21,34.5,Север,Хороший,27.24
132.1,4,1,55,13.5,Восток,Хороший,32.95
53.2,3,12,46,7.7,Юг,Хороший,12.28
104.1,4,11,17,20.9,Восток,Обычный,18.97
111.9,3,21,5,6.0,Центр,Хороший,33.39
126.5,4,18,36,14.3,Запад,Обычный,26.64
68.2,2,10,41,20.0,Запад,Обычный,14.23
108.6,5,23,15,2.3,Восток,Обычный,27.87
98.7,4,13,34,31.3,Центр,Обычный,21.3
75.9,3,8,35,10.0,Север,Без ремонта,12.61
39.9,1,16,20,20.9,Север,Хороший,9.51
69.3,3,12,51,24.2,Юг,Обычный,15.35
140.7,5,25,50,15.4,Центр,Обычный,32.53
53.3,3,23,10,32.0,Север,Обычный,11.0
41.3,1,1,7,27.7,Юг,Обычный,3.65
71.0,2,7,25,23.9,Запад,Обычный,17.35
39.8,2,11,32,21.4,Запад,Обычный,7.5
59.3,2,18,32,28.4,Восток,Без ремонта,12.15
135.0,6,16,26,5.0,Центр,Хороший,35.17
65.3,3,23,6,31.0,Юг,Хороший,17.27
96.5,2,4,27,12.8,Запад,Обычный,19.56
55.9,2,16,36,3.6,Север,Обычный,14.89
106.2,4,23,52,14.1,Центр,Без ремонта,19.28
42.9,1,3,60,13.1,Север,Обычный,7.43
120.4,5,17,19,35.0,Юг,Хороший,27.97
77.5,2,17,49,11.5,Запад,Обычный,20.9
49.5,2,2,2,13.3,Запад,Хороший,16.84
116.7,5,2,31,29.5,Центр,Обычный,25.67
92.9,4,2,24,28.7,Восток,Хороший,20.28
79.3,2,8,12,17.2,Юг,Хороший,19.52
56.2,2,18,21,30.8,Восток,Обычный,9.18
119.4,4,23,6,2.5,Запад,Обычный,30.9
70.7,2,18,25,25.9,Восток,Обычный,19.72
33.0,2,18,53,4.6,Юг,Обычный,7.01
140.9,5,10,0,7.6,Центр,Обычный,29.68
31.6,1,6,45,33.7,Запад,Обычный,4.57
42.1,1,14,30,34.6,Запад,Без ремонта,6.73
82.5,4,18,46,23.0,Восток,Обычный,16.23
52.3,3,22,30,16.8,Запад,Без ремонта,14.62
67.2,3,15,28,30.8,Север,Хороший,19.35
94.4,3,25,16,15.7,Север,Обычный,19.62
140.1,5,21,2,20.2,Запад,Без ремонта,32.34
137.5,5,24,36,5.6,Север,Обычный,34.53
36.6,1,17,34,19.1,Юг,Хороший,6.31
127.8,5,6,29,6.4,Север,Хороший,30.34
47.6,2,21,30,12.6,Север,Обычный,12.42
122.9,4,16,4,10.1,Юг,Обычный,30.32
62.7,3,19,2,26.2,Восток,Без ремонта,9.28
112.0,4,8,50,23.4,Восток,Хороший,24.24
112.1,3,3,23,29.6,Центр,Без ремонта,22.42
127.5,4,25,24,31.4,Север,Без ремонта,22.65
142.6,6,12,39,5.6,Запад,Без ремонта,29.68
60.2,3,15,38,34.7,Запад,Хороший,17.16
101.5,3,2,8,30.1,Север,Обычный,22.84
114.5,5,22,30,13.6,Запад,Хороший,31.72
37.3,1,8,16,20.8,Восток,Хороший,10.06
105.6,2,1,30,4.4,Север,Хороший,25.79
65.6,2,8,13,9.0,Юг,Без ремонта,14.47
46.9,1,4,40,12.4,Север,Хороший,16.61
92.3,4,12,45,18.8,Центр,Хороший,23.29
82.0,3,17,22,5.0,Север,Хороший,22.2
95.5,3,9,23,34.7,Юг,Обычный,16.2
103.1,2,5,25,31.9,Восток,Без ремонта,19.24
86.3,2,6,39,14.8,Запад,Обычный,15.16
133.9,5,4,14,29.1,Запад,Обычный,25.78
48.8,1,22,24,18.7,Центр,Без ремонта,12.87
61.8,3,13,40,10.0,Запад,Без ремонта,10.85
69.7,2,2,26,20.1,Центр,Обычный,18.97
118.6,4,11,33,6.5,Центр,Обычный,27.35
104.3,4,12,7,23.0,Север,Без ремонта,15.98
52.2,1,18,47,29.8,Север,Обычный,8.69
115.1,3,17,26,3.4,Запад,Обычный,28.79
118.3,3,19,5,4.8,Юг,Хороший,29.45
118.1,4,5,60,10.5,Север,Обычный,26.09
37.2,2,1,21,7.4,Юг,Без ремонта,3.0
52.8,2,12,45,5.0,Запад,Хороший,14.54
132.8,5,9,35,26.9,Север,Хороший,31.31
130.9,4,9,42,10.0,Запад,Без ремонта,25.9
52.1,2,23,22,26.7,Восток,Обычный,13.57
92.5,2,22,49,11.6,Юг,Хороший,22.42
58.7,1,20,58,16.7,Восток,Обычный,10.67
76.7,2,2,3,26.3,Юг,Хороший,20.45
30.5,1,6,57,32.1,Восток,Обычный,8.63
61.0,2,2,48,17.2,Север,Хороший,17.28
59.7,2,7,7,13.5,Юг,Обычный,15.25
135.5,5,12,48,23.7,Север,Обычный,25.13
96.8,4,8,6,10.2,Север,Без ремонта,21.4
48.8,3,18,40,9.8,Запад,Хороший,16.04
78.0,3,3,12,6.9,Восток,Хороший,18.56
85.7,4,22,55,11.4,Восток,Обычный,18.13
102.6,5,4,23,20.5,Север,Обычный,21.26
90.3,3,13,3,22.9,Восток,Хороший,25.16
77.3,2,15,57,32.8,Север,Обычный,12.43
64.4,3,25,5,11.5,Юг,Хороший,18.62
95.3,3,1,57,26.7,Запад,Без ремонта,17.23
142.2,6,17,56,22.8,Восток,Хороший,32.77
92.7,5,22,6,33.3,Юг,Хороший,22.19
131.8,4,24,25,33.8,Юг,Хороший,26.36
29.8,1,20,9,17.5,Север,Без ремонта,7.43
51.8,1,22,57,15.4,Восток,Обычный,15.39
129.2,5,1,12,29.7,Север,Обычный,28.31
94.6,4,23,29,2.7,Запад,Хороший,27.85
85.0,2,9,53,26.3,Запад,Обычный,13.44
71.2,3,1,26,29.7,Восток,Обычный,18.9
62.5,1,1,51,31.4,Север,Обычный,14.38
107.4,5,23,49,2.7,Юг,Обычный,23.49
70.8,2,10,25,22.2,Север,Хороший,19.52
78.9,3,17,28,15.4,Юг,Обычный,21.1
118.9,4,14,23,4.3,Север,Хороший,29.24
138.7,6,4,10,28.3,Восток,Обычный,26.76
144.3,5,23,39,15.6,Север,Без ремонта,30.94
84.7,4,3,26,21.0,Север,Хороший,20.69
44.2,1,2,44,14.0,Запад,Обычный,11.54
30.9,1,3,12,11.9,Центр,Без ремонта,9.27
85.9,2,11,25,28.5,Запад,Обычный,14.61
36.9,2,13,55,29.3,Центр,Обычный,9.53
41.8,1,20,58,6.9,Юг,Обычный,10.3
55.5,4,2,51,18.7,Юг,Хороший,11.56
144.1,5,25,38,6.6,Восток,Обычный,35.03
47.0,3,11,7,5.9,Запад,Хороший,11.66
40.9,1,23,30,6.2,Юг,Обычный,7.94
135.2,5,5,21,28.0,Восток,Хороший,30.88
100.8,4,10,12,27.9,Центр,Обычный,25.34
114.6,4,2,49,16.7,Центр,Обычный,28.76
69.5,2,12,32,7.9,Север,Обычный,16.64
137.3,6,3,1,2.8,Юг,Обычный,34.65
142.2,6,11,3,4.6,Юг,Обычный,30.68
93.3,4,3,0,32.2,Юг,Хороший,23.18
143.5,6,12,36,12.8,Восток,Обычный,29.26
87.2,2,23,11,5.9,Север,Обычный,23.41
79.4,3,1,19,32.6,Юг,Хороший,17.57
119.9,4,17,56,32.5,Север,Обычный,22.99
103.4,5,14,13,16.3,Запад,Обычный,24.27
51.5,3,16,29,12.9,Север,Хороший,13.46
88.2,4,4,20,9.6,Центр,Обычный,22.83
29.9,1,25,10,21.1,Север,Хороший,7.17
130.5,5,19,45,9.7,Восток,Без ремонта,25.57
91.5,4,14,13,10.1,Север,Обычный,21.6
33.4,2,5,45,32.7,Восток,Обычный,7.95
137.7,4,24,8,4.0,Восток,Обычный,29.88
144.9,5,6,39,8.2,Север,Без ремонта,26.36
114.3,4,17,34,4.6,Запад,Обычный,26.09
78.5,4,5,47,3.2,Запад,Обычный,17.54
97.2,4,12,12,5.3,Север,Без ремонта,19.29
29.2,2,1,41,32.4,Север,Обычный,10.14
40.7,1,18,37,33.3,Юг,Обычный,6.75
66.7,2,21,47,34.3,Север,Хороший,22.29
76.1,3,11,59,13.3,Запад,Хороший,18.47
116.4,4,21,59,34.2,Запад,Обычный,20.84
48.0,1,5,37,32.4,Юг,Хороший,10.24
41.6,2,2,40,12.7,Восток,Обычный,7.86
109.6,4,2,14,21.4,Центр,Обычный,28.56
131.9,4,1,1,22.9,Восток,Обычный,26.68
130.9,6,24,10,7.8,Север,Хороший,32.98
114.8,3,14,50,27.4,Юг,Без ремонта,21.94
143.1,5,10,17,22.2,Запад,Обычный,30.68
89.1,4,7,0,12.6,Север,Обычный,21.87
118.6,4,21,29,26.4,Запад,Хороший,26.48
76.8,3,12,2,16.9,Центр,Без ремонта,21.75
69.3,2,11,12,6.3,Запад,Хороший,23.76
134.6,5,7,15,15.9,Центр,Хороший,34.42
78.4,3,2,0,5.9,Центр,Обычный,20.21
115.3,4,15,3,15.5,Центр,Хороший,31.83
86.2,4,14,48,10.3,Восток,Без ремонта,21.42
41.1,1,21,37,4.4,Север,Хороший,12.92
42.8,2,3,34,6.7,Центр,Обычный,17.59
87.7,5,22,40,5.4,Восток,Обычный,18.84
110.8,4,19,44,26.6,Восток,Обычный,22.26
114.9,4,19,59,30.7,Центр,Обычный,28.33
67.3,2,10,24,10.5,Юг,Обычный,15.59
29.1,2,12,54,15.7,Юг,Обычный,5.42
90.4,3,20,13,31.7,Запад,Хороший,26.35
50.2,1,10,30,13.2,Запад,Обычный,12.22
65.5,1,3,37,22.6,Юг,Обычный,12.8
94.3,4,9,37,25.8,Юг,Хороший,20.89
73.8,2,1,25,21.8,Юг,Хороший,15.39
81.7,3,5,30,34.6,Север,Хороший,19.52
33.9,1,4,17,4.1,Восток,Без ремонта,10.73
49.4,1,19,47,5.5,Восток,Хороший,13.75
126.5,5,24,51,34.6,Центр,Обычный,31.48
87.9,2,9,34,20.7,Запад,Без ремонта,15.14
131.6,5,7,59,14.3,Запад,Обычный,28.46
128.3,4,20,22,33.1,Юг,Обычный,27.05
50.6,1,15,47,32.0,Север,Обычный,11.09
74.8,2,10,27,31.1,Север,Обычный,15.06
89.5,3,10,54,2.9,Запад,Хороший,18.45
39.4,1,25,60,15.5,Север,Хороший,11.08
38.0,2,6,36,29.5,Запад,Обычный,10.86
126.5,4,13,54,15.9,Север,Хороший,30.23
124.7,4,4,15,24.8,Север,Без ремонта,24.37
72.8,2,17,22,29.1,Запад,Обычный,19.16
110.7,2,15,51,24.3,Запад,Хороший,22.31
88.6,3,6,40,11.3,Север,Обычный,20.57
115.5,4,12,44,25.7,Север,Обычный,27.65
64.9,2,3,43,33.1,Восток,Обычный,15.98
83.5,2,24,8,16.1,Восток,Обычный,23.53
132.5,5,22,13,12.2,Запад,Хороший,29.84
123.5,4,21,59,23.2,Восток,Хороший,26.28
64.3,3,8,32,10.0,Юг,Без ремонта,13.12
131.2,5,21,57,13.1,Юг,Обычный,28.89
74.7,2,7,2,14.3,Север,Обычный,14.94
107.8,4,2,22,29.7,Север,Обычный,23.26
111.2,4,5,40,26.6,Север,Хороший,23.39
75.0,2,12,27,30.3,Восток,Хороший,17.39
124.8,4,13,51,2.1,Запад,Обычный,24.01
82.4,3,1,24,8.0,Запад,Обычный,21.03
140.4,6,23,47,32.1,Север,Обычный,24.52
137.6,5,22,30,21.7,Запад,Обычный,30.73
133.3,6,11,52,33.2,Центр,Обычный,27.17
134.3,5,7,16,14.8,Запад,Обычный,28.06
45.2,1,16,45,8.7,Север,Обычный,12.33
103.9,3,11,9,23.3,Юг,Обычный,22.31
114.7,5,17,22,8.8,Центр,Без ремонта,24.74
89.9,2,6,57,11.3,Юг,Обычный,12.23
89.9,4,7,6,15.6,Запад,Обычный,21.96
51.6,3,3,40,26.9,Запад,Обычный,12.2
46.8,1,16,12,19.9,Юг,Хороший,9.34
119.6,5,24,60,20.7,Центр,Без ремонта,30.48
45.5,3,23,24,18.1,Восток,Хороший,16.01
113.2,4,15,42,33.3,Восток,Без ремонта,17.21
37.0,1,4,55,34.9,Запад,Хороший,11.39
76.2,3,12,19,18.5,Восток,Обычный,14.0
30.8,1,11,38,19.8,Запад,Хороший,13.85
105.3,3,20,48,2.2,Восток,Обычный,26.99
62.3,2,7,41,27.2,Юг,Без ремонта,14.17
82.7,2,13,14,25.1,Запад,Обычный,15.41
61.5,2,13,27,4.5,Север,Хороший,16.89
88.3,3,22,60,6.3,Юг,Хороший,18.06
104.9,2,24,4,3.9,Восток,Хороший,24.21
47.5,1,21,23,16.2,Восток,Хороший,18.36
118.9,4,8,18,20.7,Восток,Хороший,27.95
119.6,6,1,25,4.6,Юг,Без ремонта,24.25
138.2,4,16,6,33.4,Центр,Обычный,31.32
72.5,3,13,42,3.7,Запад,Без ремонта,13.99
130.2,4,24,6,7.1,Восток,Хороший,30.43
39.0,1,1,18,28.0,Центр,Обычный,12.91
144.3,6,16,30,23.6,Восток,Обычный,29.66
52.8,2,10,27,30.0,Север,Обычный,10.56
71.7,3,13,9,31.9,Юг,Хороший,16.9
38.9,2,10,21,34.5,Юг,Обычный,7.94
125.7,5,2,41,22.1,Север,Без ремонта,24.07
84.9,2,20,1,21.0,Юг,Без ремонта,15.36
140.6,5,1,51,2.5,Север,Обычный,29.31
44.9,2,6,35,17.6,Восток,Обычный,11.31
132.3,5,18,46,11.3,Центр,Хороший,33.23
70.1,3,15,35,4.0,Север,Обычный,16.66
55.6,2,15,60,22.5,Центр,Без ремонта,11.2
104.9,4,12,21,3.5,Восток,Обычный,23.88
31.5,1,10,1,22.8,Запад,Без ремонта,8.39
89.5,4,21,22,33.8,Юг,Обычный,14.06
83.4,3,15,47,15.8,Запад,Хороший,21.43
33.7,1,21,2,23.6,Восток,Обычный,10.22
78.8,4,12,35,2.3,Запад,Без ремонта,17.93
63.7,2,2,18,13.7,Юг,Хороший,14.92
57.1,2,15,45,5.6,Запад,Хороший,18.81
136.8,4,20,44,10.4,Центр,Обычный,34.45
98.0,3,17,7,2.8,Юг,Хороший,22.75
46.0,2,4,29,18.2,Север,Обычный,12.02
116.6,3,18,30,27.7,Север,Хороший,26.91
71.2,3,17,11,26.1,Юг,Без ремонта,8.82
98.1,2,2,2,34.5,Центр,Хороший,26.28
72.5,2,2,8,31.8,Запад,Обычный,12.55
102.7,4,17,12,25.3,Север,Обычный,22.72
107.8,3,3,29,27.1,Центр,Обычный,21.63
61.2,1,24,27,21.2,Север,Хороший,17.23
125.2,4,24,28,2.6,Юг,Обычный,32.82
100.3,4,8,54,27.2,Юг,Обычный,17.9
98.8,5,22,28,22.3,Центр,Обычный,23.02
53.5,3,6,11,32.8,Север,Обычный,8.5
57.7,3,12,35,8.2,Юг,Обычный,11.02
74.3,3,3,59,32.8,Север,Обычный,16.72
32.0,2,6,21,7.4,Север,Обычный,9.71
34.4,1,18,3,4.1,Восток,Хороший,8.82
105.5,3,6,24,22.9,Восток,Без ремонта,19.46
65.0,3,6,38,12.7,Юг,Обычный,13.22
112.3,5,8,20,19.6,Юг,Без ремонта,23.45
36.8,2,6,32,14.4,Юг,Без ремонта,5.56
114.6,4,9,37,8.0,Север,Обычный,26.16
53.1,1,11,3,30.3,Запад,Хороший,14.42
129.7,4,2,2,28.5,Центр,Хороший,28.83
134.1,5,23,41,11.4,Запад,Без ремонта,25.41
108.6,5,9,42,13.0,Север,Хороший,29.41
74.1,2,11,18,27.3,Запад,Без ремонта,15.36
31.0,1,2,48,17.0,Запад,Обычный,7.94
117.1,4,12,42,25.1,Восток,Обычный,23.71
93.8,4,2,22,32.3,Запад,Хороший,18.7
37.6,1,8,8,29.6,Запад,Обычный,8.57
94.8,3,22,1,21.7,Север,Хороший,24.95
28.7,2,4,15,28.0,Центр,Хороший,14.5
80.8,3,17,42,8.1,Запад,Хороший,23.78
99.8,3,19,38,29.8,Восток,Хороший,23.33
121.9,4,20,38,10.2,Запад,Обычный,28.44
62.0,3,3,19,16.0,Центр,Обычный,16.6
55.1,1,18,45,22.1,Восток,Обычный,14.54
66.7,2,25,5,12.7,Восток,Без ремонта,12.21
34.9,2,8,8,29.3,Восток,Хороший,11.6
137.0,5,21,29,21.6,Запад,Без ремонта,27.32
131.0,5,17,34,33.3,Запад,Без ремонта,28.45
98.4,2,22,40,11.2,Запад,Обычный,21.44
36.7,1,23,23,25.1,Юг,Обычный,9.64
37.8,2,6,8,7.1,Север,Хороший,11.99
137.1,5,24,3,7.7,Юг,Обычный,33.28
42.6,2,12,53,19.0,Центр,Обычный,14.91
45.0,1,11,38,31.7,Восток,Хороший,14.72
119.9,5,1,14,17.6,Север,Хороший,28.3
63.3,3,23,30,20.4,Центр,Обычный,20.05
76.2,3,2,57,33.4,Запад,Обычный,16.82
76.0,2,19,49,8.7,Юг,Обычный,18.77
109.9,4,24,37,29.8,Запад,Хороший,27.53
83.3,4,6,21,27.2,Юг,Обычный,17.88
123.0,4,1,9,24.0,Юг,Обычный,28.06
86.0,3,15,24,14.5,Север,Обычный,13.52
62.0,2,23,17,30.6,Восток,Хороший,15.16
50.8,1,8,15,34.0,Север,Обычный,8.81
116.3,4,18,39,14.7,Запад,Обычный,28.36
53.7,2,6,29,15.8,Запад,Хороший,15.16
99.2,3,9,30,26.3,Юг,Без ремонта,19.73
98.4,3,13,28,19.3,Восток,Хороший,23.77
140.7,5,13,1,8.8,Север,Хороший,36.92
38.5,1,16,4,31.4,Юг,Обычный,10.25
52.3,2,3,20,24.3,Восток,Обычный,11.68
105.4,3,1,58,16.6,Север,Обычный,22.79
66.7,3,7,52,15.6,Юг,Обычный,13.93
43.0,1,8,50,22.8,Запад,Хороший,10.88
132.8,5,19,58,12.2,Юг,Хороший,30.98
113.6,4,10,51,22.4,Центр,Обычный,30.17
54.0,2,20,50,5.9,Север,Обычный,15.33
39.1,2,6,29,14.9,Север,Хороший,10.78
126.6,4,1,9,28.7,Центр,Без ремонта,29.85
94.7,3,18,23,6.6,Запад,Обычный,20.7
136.8,4,13,16,25.1,Юг,Хороший,23.41
88.5,2,6,44,25.6,Юг,Обычный,14.68
55.0,3,17,31,26.5,Центр,Хороший,18.55
43.6,1,15,60,3.1,Юг,Обычный,6.34
76.9,2,11,16,29.3,Центр,Обычный,19.94
108.0,4,21,46,10.6,Центр,Обычный,29.64
28.5,1,23,10,7.7,Юг,Хороший,10.66
74.3,3,24,5,5.4,Запад,Обычный,20.62
75.2,2,9,41,21.7,Север,Хороший,17.65
106.5,3,5,48,25.7,Юг,Обычный,15.01
50.8,1,11,50,23.0,Юг,Обычный,10.12
130.5,4,6,27,32.5,Восток,Обычный,24.39
66.0,3,12,29,14.7,Запад,Хороший,19.19
124.7,5,7,0,5.4,Центр,Обычный,27.65
124.8,5,24,5,11.6,Восток,Хороший,31.32
131.5,5,9,15,8.5,Запад,Обычный,31.32
58.3,2,13,58,25.8,Восток,Обычный,14.73
126.3,4,8,55,27.5,Север,Хороший,28.16
55.0,2,6,56,17.8,Центр,Обычный,11.86
74.7,3,18,29,10.7,Юг,Обычный,16.92
48.8,2,10,34,17.0,Юг,Обычный,6.21
84.6,2,12,45,24.1,Юг,Хороший,14.41
36.8,3,22,36,7.6,Север,Хороший,13.93
140.0,4,2,26,19.3,Центр,Обычный,33.65
29.5,1,5,24,9.8,Север,Обычный,9.03
86.1,4,6,0,27.3,Юг,Обычный,21.48
126.1,4,5,15,19.4,Запад,Хороший,31.91
43.5,2,7,36,18.1,Запад,Обычный,12.21
97.9,2,1,10,19.0,Север,Хороший,19.85
90.1,3,20,17,13.3,Запад,Хороший,22.14
116.6,2,17,48,30.2,Юг,Без ремонта,20.4
109.7,5,4,8,2.7,Север,Обычный,22.95
124.5,4,20,39,10.8,Юг,Обычный,23.38
120.8,4,3,41,12.3,Север,Без ремонта,20.57
96.2,4,5,41,8.0,Север,Без ремонта,18.39
68.9,3,16,37,24.7,Запад,Хороший,18.44
40.6,2,21,52,2.8,Юг,Хороший,15.16
47.2,2,3,15,22.1,Запад,Хороший,14.34
129.9,5,1,34,26.5,Восток,Без ремонта,23.99
59.2,2,18,2,11.1,Запад,Обычный,13.42
132.6,5,21,20,11.1,Юг,Обычный,31.82
63.8,3,5,49,17.0,Юг,Обычный,13.84
34.7,2,17,53,13.2,Запад,Хороший,13.37
61.9,3,16,42,10.9,Запад,Обычный,12.94
73.0,2,2,59,23.3,Север,Обычный,11.66
40.1,1,9,7,11.1,Юг,Хороший,13.02
78.3,2,1,11,24.9,Восток,Обычный,16.9
121.4,4,2,47,14.1,Юг,Хороший,29.81
76.4,3,7,41,29.8,Центр,Хороший,19.7
85.8,2,18,23,33.3,Запад,Обычный,17.56
144.9,5,15,26,26.4,Юг,Обычный,28.2
53.2,2,1,47,13.6,Север,Хороший,16.89
91.6,4,25,46,21.9,Восток,Обычный,17.77
143.6,5,19,52,27.7,Запад,Обычный,31.43
86.0,3,1,4,13.9,Север,Без ремонта,18.17
97.2,3,23,9,20.0,Восток,Хороший,25.3
92.0,3,25,20,6.1,Север,Обычный,25.02
41.5,2,6,29,18.1,Запад,Обычный,11.87
111.8,3,11,7,15.6,Юг,Без ремонта,26.5
134.7,4,13,46,11.1,Север,Хороший,31.82
136.4,5,16,27,9.5,Центр,Обычный,29.05
96.6,3,18,58,5.9,Север,Обычный,22.12
69.2,3,18,56,4.9,Центр,Обычный,18.85
107.0,4,8,40,2.7,Юг,Обычный,21.28
138.5,5,8,51,5.7,Юг,Обычный,28.44
142.4,6,15,39,34.1,Восток,Обычный,26.82
61.1,2,6,6,7.7,Юг,Обычный,15.57
137.5,5,1,58,14.8,Восток,Без ремонта,26.97
113.4,5,11,41,34.7,Юг,Без ремонта,22.47
130.0,5,9,7,15.3,Восток,Обычный,30.12
47.6,1,20,35,30.6,Восток,Хороший,13.51
142.2,5,8,37,10.7,Юг,Без ремонта,24.65
116.2,4,25,23,33.6,Восток,Обычный,23.3
47.5,1,17,43,16.6,Север,Хороший,8.73
91.2,3,19,49,23.9,Запад,Без ремонта,19.01
41.0,1,16,23,12.6,Запад,Хороший,13.42
112.8,4,24,29,8.8,Север,Обычный,26.2
97.6,2,18,35,8.5,Восток,Хороший,23.3
95.7,3,24,38,9.8,Центр,Обычный,25.25
127.1,5,22,27,20.1,Восток,Обычный,22.62
118.1,3,19,33,20.6,Запад,Без ремонта,24.17
38.7,2,24,4,25.0,Восток,Хороший,16.48
117.2,3,1,26,15.2,Юг,Обычный,24.77
91.4,4,3,23,6.5,Север,Обычный,20.44
50.1,1,18,16,22.5,Запад,Хороший,17.6
68.6,1,16,0,5.7,Юг,Обычный,16.86
87.6,4,3,46,33.2,Юг,Хороший,19.96
128.5,5,9,43,27.1,Юг,Обычный,30.05
131.2,5,17,46,20.9,Восток,Хороший,30.68
39.9,2,8,54,5.6,Центр,Обычный,11.67
79.7,3,23,55,17.5,Север,Хороший,17.75
126.7,4,21,10,7.1,Юг,Без ремонта,28.62
98.5,4,7,44,34.3,Север,Обычный,16.03
128.1,4,14,54,15.8,Юг,Хороший,26.88
97.9,3,12,36,23.7,Восток,Обычный,18.56
54.1,2,12,15,5.8,Север,Без ремонта,14.7
86.8,2,17,23,16.1,Север,Обычный,18.75
88.3,3,5,1,7.4,Восток,Обычный,21.18
132.6,5,11,50,21.0,Юг,Без ремонта,20.43
69.6,3,19,19,34.4,Юг,Без ремонта,11.16
55.5,2,7,4,16.4,Запад,Обычный,14.15
115.6,4,22,26,25.4,Восток,Обычный,24.17
77.1,3,2,38,4.9,Север,Хороший,20.32
84.7,3,17,51,10.3,Север,Обычный,20.15
142.3,6,17,8,6.1,Восток,Обычный,32.83
106.9,3,19,35,7.9,Юг,Хороший,28.18
106.6,5,16,27,7.4,Север,Обычный,23.59
137.3,4,3,5,23.3,Центр,Хороший,34.24
111.8,4,8,42,17.3,Север,Без ремонта,20.92
139.7,5,8,12,21.1,Запад,Обычный,34.08
102.1,4,7,16,22.2,Запад,Обычный,25.74
96.7,3,12,44,13.1,Запад,Обычный,18.22
61.3,2,10,42,30.1,Восток,Обычный,9.12
55.0,3,20,30,19.2,Запад,Без ремонта,14.04
90.2,5,5,36,30.9,Запад,Без ремонта,20.15
34.9,1,3,37,28.1,Запад,Без ремонта,7.14
47.7,2,11,55,25.2,Север,Обычный,6.56
110.9,4,6,8,18.7,Центр,Хороший,28.69
107.4,5,25,1,29.5,Запад,Обычный,23.11
31.3,1,24,35,24.5,Запад,Обычный,7.33
47.1,2,15,19,26.6,Север,Хороший,13.04
100.3,3,4,19,4.1,Восток,Обычный,18.84
75.7,1,21,42,15.1,Север,Обычный,14.66
96.9,5,19,2,23.7,Восток,Обычный,20.92
43.1,2,16,30,4.3,Центр,Без ремонта,8.23
128.9,5,11,22,18.7,Центр,Обычный,34.88
58.3,1,18,50,19.8,Запад,Без ремонта,14.71
71.8,1,22,36,10.6,Восток,Хороший,16.18
80.6,3,5,57,11.6,Восток,Хороший,18.17
97.4,4,2,35,26.0,Юг,Обычный,18.26
142.7,6,10,0,4.7,Запад,Обычный,31.59
52.5,2,19,18,2.3,Север,Обычный,15.53
47.0,3,12,30,32.7,Центр,Обычный,11.01
45.0,2,24,27,25.5,Север,Хороший,15.26
118.6,4,11,3,20.4,Центр,Хороший,33.02
72.7,3,18,20,27.5,Восток,Хороший,18.18
136.5,4,18,12,10.8,Запад,Обычный,35.07
35.8,2,10,28,24.6,Юг,Обычный,9.65
90.2,3,19,22,21.7,Север,Без ремонта,17.25
116.6,4,25,48,11.9,Центр,Хороший,30.25
87.3,4,21,38,11.6,Запад,Обычный,23.24
75.6,3,21,38,18.0,Север,Хороший,17.62
122.9,5,15,42,4.9,Восток,Обычный,24.65
87.6,4,17,27,25.7,Север,Хороший,23.6
134.1,5,18,20,32.2,Восток,Обычный,29.38
55.9,3,7,10,31.9,Восток,Обычный,10.73
98.0,3,23,22,21.4,Юг,Обычный,24.9
102.2,4,19,13,9.0,Север,Без ремонта,21.26
134.1,5,12,25,2.3,Восток,Обычный,32.31
38.9,1,23,46,20.0,Восток,Обычный,9.66
122.3,4,15,55,10.2,Центр,Обычный,27.2
108.0,3,16,17,11.5,Север,Хороший,26.35
128.7,5,8,21,23.9,Восток,Обычный,21.48
99.2,3,10,42,6.1,Север,Без ремонта,22.5
81.1,3,23,54,21.9,Восток,Обычный,17.01
121.2,5,25,8,26.6,Юг,Обычный,28.04
61.2,2,11,29,3.1,Восток,Обычный,12.96
34.5,1,2,8,20.5,Запад,Хороший,11.3
115.7,4,7,19,25.8,Север,Хороший,23.81
123.0,5,9,51,16.3,Запад,Хороший,27.23
125.0,5,17,25,11.9,Запад,Хороший,32.56
80.4,2,25,39,7.2,Юг,Обычный,18.7
113.7,4,4,29,33.5,Центр,Хороший,31.62
111.5,3,16,8,15.4,Запад,Хороший,30.09
61.8,3,14,32,8.4,Восток,Обычный,15.34
117.6,3,3,55,3.7,Север,Хороший,21.6
140.8,5,22,51,9.7,Центр,Без ремонта,34.84
69.2,2,15,51,29.3,Юг,Обычный,13.37
60.0,2,7,11,8.1,Центр,Хороший,27.88
96.3,4,25,33,24.1,Юг,Хороший,26.84
130.7,5,1,0,32.2,Центр,Хороший,34.69
99.2,3,24,22,14.7,Восток,Хороший,24.93
141.5,5,5,35,19.5,Восток,Без ремонта,26.89
135.9,5,8,13,7.1,Север,Обычный,28.13
111.2,3,12,60,9.5,Восток,Обычный,21.57
110.7,3,7,20,14.8,Север,Без ремонта,22.22
48.8,2,8,38,24.5,Центр,Хороший,13.73
67.9,3,7,42,18.0,Север,Хороший,16.88
122.8,5,4,18,30.0,Север,Обычный,28.45
74.9,2,6,12,26.7,Юг,Без ремонта,11.19
54.7,3,4,0,20.7,Юг,Хороший,14.78
35.4,4,5,45,16.3,Юг,Обычный,7.89
54.1,2,8,13,20.4,Юг,Обычный,12.3
95.5,4,8,59,16.3,Запад,Без ремонта,16.71
136.1,4,25,29,17.4,Запад,Хороший,30.96
73.8,2,20,44,12.1,Центр,Без ремонта,12.42
120.4,5,18,10,7.6,Восток,Обычный,27.21
43.1,3,14,4,33.8,Центр,Обычный,15.26
