CustomerId,Age,ContractMonths,MonthlySpend,UsageHours,SupportCalls,Region,Plan,InternetType,AutoPay,Churn
C0001,43.0,15,1466.59,15.8,3,Север,Базовый,Оптика,Нет,Нет
C0002,25.0,25,1315.95,15.5,1,Центр,Базовый,Оптика,Нет,Нет
C0003,49.0,5,1901.22,15.0,5,Восток,Стандарт,DSL,Да,Нет
C0004,51.0,48,1159.31,14.7,2,Центр,Базовый,Оптика,Да,Нет
C0005,18.0,39,1079.2,20.8,3,Восток,Стандарт,Мобильный,Да,Нет
C0006,22.0,6,1655.92,34.7,1,Восток,Базовый,Оптика,Да,Нет
C0007,41.0,14,789.67,37.7,0,Восток,Стандарт,Оптика,Да,Нет
C0008,35.0,34,1617.57,28.7,0,Центр,Стандарт,Оптика,Нет,Нет
C0009,39.0,33,1494.1,31.4,2,Центр,Базовый,DSL,Нет,Нет
C0010,28.0,49,1386.6,38.6,4,Юг,Базовый,DSL,Да,Нет
C0011,50.0,16,2132.96,8.1,1,Юг,Стандарт,Оптика,Да,Нет
C0012,49.0,56,1182.45,32.7,5,Запад,Стандарт,Оптика,Да,Нет
C0013,40.0,27,2335.93,54.4,4,Север,Стандарт,Оптика,Да,Нет
C0014,54.0,50,1353.06,26.5,1,Запад,Стандарт,DSL,Да,Нет
C0015,45.0,15,900.88,49.2,1,Центр,Стандарт,Мобильный,Нет,Нет
C0016,28.0,3,1480.07,26.8,1,Север,Базовый,DSL,Да,Да
C0017,44.0,4,987.21,39.8,1,Центр,Стандарт,Оптика,Нет,Нет
C0018,27.0,23,1126.74,34.3,2,Восток,Базовый,Оптика,Да,Нет
C0019,50.0,58,1620.72,14.9,0,Центр,Стандарт,Оптика,Нет,Нет
C0020,38.0,3,1688.9,17.0,1,Центр,Базовый,DSL,Нет,Нет
C0021,37.0,23,1182.47,59.2,3,Восток,Базовый,DSL,Да,Нет
C0022,30.0,7,1874.58,44.2,1,Юг,Стандарт,Оптика,Да,Нет
C0023,55.0,56,1947.73,27.8,4,Центр,Стандарт,Оптика,Нет,Нет
C0024,37.0,41,2067.61,25.9,2,Центр,Стандарт,DSL,Да,Нет
C0025,33.0,46,1677.65,18.7,3,Юг,Стандарт,Оптика,Да,Нет
C0026,34.0,43,2036.27,35.8,2,Север,Премиум,Оптика,Да,Нет
C0027,46.0,40,641.26,19.6,1,Центр,Премиум,DSL,Да,Нет
C0028,44.0,47,1313.3,24.1,2,Юг,Премиум,Оптика,Нет,Нет
C0029,44.0,1,1077.19,20.7,1,Центр,Стандарт,DSL,Да,Да
C0030,45.0,52,1501.27,42.8,1,Юг,Стандарт,Оптика,Да,Нет
C0031,67.0,45,1204.28,27.2,0,Север,Стандарт,DSL,Да,Нет
C0032,34.0,45,1378.55,31.5,2,Центр,Стандарт,Оптика,Нет,Да
C0033,32.0,24,2259.34,15.0,2,Центр,Базовый,Оптика,Нет,Нет
C0034,28.0,49,1377.02,20.6,4,Центр,Стандарт,Оптика,Да,Нет
C0035,47.0,23,1627.93,31.9,2,Центр,Базовый,Оптика,Да,Нет
C0036,54.0,3,1350.12,11.1,1,Север,Базовый,Мобильный,Да,Нет
C0037,38.0,55,1482.56,26.1,1,Запад,Премиум,Оптика,Да,Нет
C0038,-4.0,15,1452.59,29.1,3,Запад,Базовый,Мобильный,Да,Нет
C0039,28.0,7,1642.78,13.9,2,Север,Стандарт,DSL,Да,Нет
C0040,47.0,38,1951.08,48.1,1,Юг,Стандарт,Оптика,Да,Нет
C0041,49.0,15,2158.38,35.0,1,Юг,Базовый,DSL,Нет,Да
C0042,46.0,52,1583.14,27.1,2,Запад,Премиум,Оптика,Да,Нет
C0043,30.0,27,1703.51,19.8,0,Центр,Базовый,Оптика,Нет,Нет
C0044,42.0,1,955.13,10.9,0,Центр,Премиум,Мобильный,Да,Нет
C0045,41.0,58,1412.21,46.3,2,Север,Стандарт,Оптика,Да,Нет
C0046,42.0,31,1854.32,22.9,1,Центр,Базовый,Оптика,Да,Нет
C0047,50.0,16,1822.37,12.6,1,Север,Базовый,DSL,Нет,Нет
C0048,42.0,41,1540.99,19.5,0,Запад,Базовый,DSL,Нет,Нет
C0049,48.0,32,1831.15,36.8,0,Запад,Стандарт,Оптика,Да,Нет
C0050,40.0,2,1661.03,33.1,4,Центр,Базовый,DSL,Нет,Нет
C0051,43.0,46,1966.13,15.8,2,Север,Премиум,DSL,Да,Нет
C0052,47.0,25,1574.42,50.3,1,Север,Базовый,Мобильный,Да,Нет
C0053,20.0,42,1297.05,12.5,1,Юг,Премиум,Мобильный,Да,Нет
C0054,35.0,54,1594.41,55.4,4,Юг,Базовый,Оптика,Да,Нет
C0055,33.0,37,350.0,32.4,3,Центр,Премиум,Оптика,Да,Нет
C0056,31.0,41,5200.0,23.8,2,Запад,Базовый,Мобильный,Нет,Нет
C0057,35.0,16,350.0,25.6,0,Запад,Стандарт,DSL,Да,Нет
C0058,58.0,15,,30.6,2,,Стандарт,Оптика,Да,Нет
C0059,28.0,25,1644.26,38.3,2,Восток,Базовый,Оптика,Да,Нет
C0060,52.0,52,1655.34,9.7,0,Юг,Премиум,Мобильный,Да,Нет
C0061,18.0,32,950.16,19.2,1,Север,Базовый,Мобильный,Да,Нет
C0062,35.0,21,1143.8,30.1,3,Центр,Стандарт,Оптика,Нет,Нет
C0063,41.0,47,2039.33,51.3,2,Юг,Стандарт,DSL,Нет,Нет
C0064,47.0,52,1241.87,50.3,3,Центр,Стандарт,Оптика,Да,Нет
C0065,48.0,55,2414.46,61.1,1,Запад,Базовый,DSL,Нет,Да
C0066,49.0,18,1449.17,49.1,1,Север,Базовый,Мобильный,Да,Нет
C0067,34.0,43,1625.46,18.4,3,Север,Базовый,DSL,Да,Нет
C0068,33.0,36,2145.26,29.1,1,Север,Базовый,DSL,Да,Да
C0069,50.0,27,,49.3,4,Запад,Базовый,Оптика,Да,Нет
C0070,37.0,24,1018.99,46.9,1,Центр,Премиум,Оптика,Да,Нет
C0071,22.0,7,1402.82,26.3,2,Центр,Стандарт,Мобильный,Нет,Нет
C0072,24.0,17,1434.69,37.7,0,Центр,Стандарт,DSL,Да,Нет
C0073,27.0,33,863.16,22.8,0,Восток,Базовый,Мобильный,Нет,Да
C0074,45.0,54,1339.99,11.9,4,Запад,Базовый,DSL,Нет,Нет
C0075,41.0,52,1130.86,27.5,1,Центр,Стандарт,DSL,Нет,Нет
C0076,48.0,12,1847.47,26.7,2,Запад,Базовый,Оптика,Да,Нет
C0077,33.0,41,1464.88,22.2,1,Центр,Базовый,DSL,Нет,Нет
C0078,41.0,6,1328.4,38.3,2,Юг,Стандарт,Оптика,Да,Нет
C0079,47.0,41,1404.34,25.9,5,Центр,Стандарт,DSL,Да,Нет
C0080,35.0,21,1545.94,35.7,2,Юг,Премиум,DSL,Да,Нет
C0081,45.0,27,1715.23,42.4,0,Восток,Базовый,Оптика,Нет,Нет
C0082,30.0,44,1020.12,83.2,1,Юг,Стандарт,DSL,Да,Нет
C0083,34.0,26,1002.12,27.8,1,Центр,Базовый,Оптика,Да,Нет
C0084,34.0,49,1925.01,51.6,1,Запад,Базовый,Оптика,Нет,Нет
C0085,23.0,33,1272.7,32.9,3,Запад,Стандарт,DSL,Да,Нет
C0086,45.0,60,840.76,33.9,2,Север,Базовый,Оптика,Нет,Да
C0087,33.0,39,1640.84,28.0,1,Юг,Стандарт,DSL,Да,Нет
C0088,39.0,18,1649.25,31.5,1,Восток,Стандарт,Оптика,Да,Нет
C0089,45.0,47,791.79,170.0,2,Центр,Базовый,DSL,Да,Нет
C0090,45.0,25,1548.68,47.2,1,Запад,Премиум,Мобильный,Да,Нет
C0091,48.0,33,1766.3,19.6,2,Центр,Стандарт,Оптика,Да,Нет
C0092,38.0,9,,11.8,0,Восток,Стандарт,Оптика,Да,Нет
C0093,33.0,8,1721.75,21.8,3,Центр,Стандарт,Мобильный,Да,Нет
C0094,38.0,35,846.16,20.6,2,Центр,Премиум,Оптика,Нет,Нет
C0095,18.0,12,1592.35,21.8,1,Юг,Базовый,Мобильный,Нет,Нет
C0096,20.0,60,1319.87,27.2,1,Юг,Стандарт,Оптика,Да,Нет
C0097,22.0,52,1242.4,21.9,2,Запад,Стандарт,Мобильный,Да,Нет
C0098,26.0,43,1824.34,27.0,2,Запад,Базовый,Мобильный,Да,Да
C0099,44.0,45,2086.09,21.9,2,Центр,Стандарт,Мобильный,Нет,Нет
C0100,27.0,36,2221.58,36.1,2,Центр,Премиум,DSL,Нет,Нет
C0101,34.0,4,2015.37,82.8,1,Север,Стандарт,Оптика,Да,Нет
C0102,56.0,24,1402.81,32.6,3,Юг,Стандарт,Мобильный,Да,Нет
C0103,34.0,30,1601.67,22.4,1,Юг,Стандарт,Оптика,Нет,Да
C0104,49.0,55,1779.73,6.2,3,Запад,Премиум,Оптика,Нет,Нет
C0105,27.0,14,1502.11,69.2,5,Восток,Премиум,Мобильный,Да,Нет
C0106,36.0,30,1506.23,33.5,1,Центр,Стандарт,DSL,Нет,Нет
C0107,27.0,21,1804.21,26.9,3,Север,Базовый,Оптика,Да,Нет
C0108,35.0,9,1424.51,6.5,1,Юг,Базовый,Оптика,Да,Нет
C0109,50.0,7,1136.41,27.6,1,Юг,Стандарт,DSL,Нет,Нет
C0110,18.0,22,1271.78,31.3,2,Центр,Премиум,Оптика,Да,Нет
C0111,45.0,5,1722.58,22.0,2,Север,Стандарт,DSL,Да,Нет
C0112,42.0,5,1451.29,13.2,1,Север,Базовый,Оптика,Нет,Нет
C0113,31.0,22,1596.29,12.7,2,Центр,Базовый,Мобильный,Нет,Нет
C0114,20.0,13,1738.13,69.8,5,Восток,Стандарт,Оптика,Да,Нет
C0115,40.0,34,1288.82,30.9,2,Север,Премиум,Оптика,Да,Нет
C0116,32.0,2,1775.19,21.9,1,Юг,Базовый,DSL,Нет,Нет
C0117,42.0,19,1612.9,29.9,3,Юг,Стандарт,Мобильный,Да,Нет
C0118,,28,919.03,28.9,1,Запад,Стандарт,Мобильный,Нет,Нет
C0119,60.0,58,2070.19,12.3,6,Центр,Премиум,DSL,Нет,Нет
C0120,36.0,39,1234.68,45.7,0,Центр,Базовый,Оптика,Да,Нет
C0121,26.0,53,738.31,26.5,0,Север,Премиум,Оптика,Да,Нет
C0122,41.0,21,1000.63,31.1,1,Север,Стандарт,Оптика,Нет,Нет
C0123,42.0,27,1010.95,58.3,1,Центр,Стандарт,Оптика,Нет,Нет
C0124,57.0,26,1472.43,13.5,2,Восток,Базовый,Оптика,Да,Нет
C0125,50.0,54,1332.24,19.0,2,Центр,Стандарт,Оптика,Да,Нет
C0126,44.0,58,,34.4,1,,Стандарт,DSL,Нет,Нет
C0127,58.0,58,1716.47,45.2,2,Север,Базовый,Оптика,Да,Нет
C0128,24.0,46,1596.15,20.8,3,Восток,Стандарт,Мобильный,Да,Нет
C0129,31.0,31,1585.9,21.5,0,Запад,Стандарт,DSL,Нет,Нет
C0130,27.0,33,1626.23,40.1,2,Восток,Стандарт,Оптика,Нет,Нет
C0131,34.0,59,1714.94,79.6,0,Юг,Базовый,DSL,Нет,Нет
C0132,21.0,18,543.58,30.4,1,Восток,Стандарт,Мобильный,Нет,Нет
C0133,47.0,21,1293.29,19.0,1,Восток,Базовый,Оптика,Да,Нет
C0134,36.0,54,512.51,15.9,1,Центр,Премиум,Оптика,Нет,Нет
C0135,20.0,24,1465.51,27.2,0,Юг,Премиум,DSL,Да,Нет
C0136,26.0,15,1448.01,44.2,4,Восток,Базовый,Оптика,Да,Нет
C0137,43.0,34,1899.58,96.9,0,Север,Базовый,Мобильный,Нет,Нет
C0138,50.0,20,1960.68,24.8,3,Восток,Базовый,Оптика,Нет,Нет
C0139,65.0,54,1537.19,30.5,2,Юг,Стандарт,Оптика,Нет,Нет
C0140,77.0,55,1234.84,64.0,2,Юг,Премиум,Оптика,Да,Нет
C0141,44.0,19,1658.62,34.1,5,Центр,Стандарт,Оптика,Нет,Нет
C0142,26.0,32,1223.0,32.7,0,Восток,Базовый,Оптика,Да,Нет
C0143,18.0,60,1449.4,57.9,2,Запад,Базовый,Оптика,Нет,Нет
C0144,42.0,45,1874.04,30.8,1,Центр,Базовый,DSL,Нет,Да
C0145,28.0,13,1210.16,16.7,0,Север,Премиум,Оптика,Да,Нет
C0146,34.0,36,1796.44,52.1,0,Центр,Стандарт,Мобильный,Нет,Нет
C0147,31.0,38,1741.28,11.1,4,Центр,Стандарт,Мобильный,Нет,Нет
C0148,37.0,40,1039.44,47.8,3,Запад,Базовый,Мобильный,Нет,Нет
C0149,53.0,2,1868.77,29.2,1,Юг,Премиум,Оптика,Нет,Нет
C0150,41.0,18,1750.38,25.0,6,Север,Базовый,Оптика,Нет,Да
C0151,37.0,52,1493.83,24.6,2,Центр,Премиум,Оптика,Да,Нет
C0152,26.0,15,1122.2,27.1,2,Запад,Премиум,Мобильный,Да,Нет
C0153,,18,1080.54,23.1,1,Центр,Стандарт,Оптика,Нет,Нет
C0154,33.0,20,1218.81,36.6,0,Восток,Премиум,Оптика,Нет,Нет
C0155,38.0,11,1683.32,23.5,0,Центр,Базовый,Оптика,Нет,Нет
C0156,62.0,10,1039.08,8.7,2,Центр,Стандарт,Оптика,Да,Нет
C0157,41.0,21,1638.13,29.3,1,Восток,Базовый,Мобильный,Да,Нет
C0158,52.0,53,916.05,8.3,0,Центр,Стандарт,Оптика,Нет,Нет
C0159,33.0,1,1362.25,29.2,3,Восток,Базовый,Оптика,Нет,Нет
C0160,24.0,17,1497.15,22.8,1,Центр,Базовый,Оптика,Да,Нет
C0161,26.0,4,2501.41,46.1,0,Восток,Базовый,Оптика,Да,Нет
C0162,30.0,34,857.75,25.5,6,Восток,Базовый,Оптика,Да,Нет
C0163,67.0,16,2082.97,42.8,0,Восток,Стандарт,Мобильный,Да,Нет
C0164,28.0,48,1514.43,40.4,0,Центр,Стандарт,Оптика,Да,Нет
C0165,50.0,36,1626.8,40.9,0,Восток,Базовый,Оптика,Да,Нет
C0166,27.0,48,1500.89,60.3,0,Запад,Премиум,Оптика,Да,Нет
C0167,51.0,39,1641.23,26.0,3,Центр,Премиум,Оптика,Нет,Нет
C0168,44.0,27,1383.92,30.2,0,Центр,Базовый,Оптика,Нет,Нет
C0169,37.0,52,2075.24,36.2,2,Восток,Стандарт,DSL,Нет,Нет
C0170,38.0,29,1253.72,30.7,1,Центр,Стандарт,Мобильный,Да,Нет
C0171,30.0,57,1936.86,25.5,3,Восток,Стандарт,Оптика,Да,Нет
C0172,45.0,60,1172.92,17.6,0,Восток,Стандарт,Оптика,Да,Нет
C0173,33.0,36,1424.09,29.5,2,Центр,Стандарт,DSL,Да,Нет
C0174,23.0,41,989.06,11.9,2,Юг,Базовый,Оптика,Да,Нет
C0175,22.0,16,1645.66,7.9,0,Юг,Базовый,Оптика,Нет,Нет
C0176,41.0,49,2071.4,15.3,1,Север,Стандарт,Мобильный,Нет,Нет
C0177,60.0,41,1416.74,40.7,0,,Стандарт,DSL,Нет,Нет
C0178,41.0,55,1365.34,33.0,0,Центр,Премиум,Мобильный,Да,Нет
C0179,37.0,17,970.71,40.9,2,Север,Базовый,Оптика,Да,Нет
C0180,43.0,48,1351.4,20.0,2,Запад,Базовый,Оптика,Да,Нет
C0181,56.0,29,765.1,48.4,2,Центр,Базовый,DSL,Да,Да
C0182,42.0,12,1057.46,12.7,2,Запад,Базовый,Оптика,Нет,Нет
C0183,34.0,11,1547.52,15.7,4,Центр,Базовый,Мобильный,Да,Да
C0184,53.0,34,2017.18,48.0,1,Юг,Стандарт,Оптика,Нет,Нет
C0185,45.0,20,2657.96,31.8,1,Центр,Стандарт,Оптика,Да,Нет
C0186,59.0,7,1197.77,41.0,2,Восток,Стандарт,Оптика,Нет,Нет
C0187,41.0,26,2067.18,33.1,0,Восток,Стандарт,Мобильный,Нет,Нет
C0188,23.0,40,1554.81,21.5,1,Запад,Базовый,Оптика,Да,Нет
C0189,21.0,20,1384.96,14.6,1,Запад,Стандарт,Оптика,Нет,Нет
C0190,,58,1636.02,9.3,1,Восток,Базовый,DSL,Да,Нет
C0191,61.0,47,1476.62,66.7,2,Восток,Премиум,Мобильный,Нет,Нет
C0192,37.0,31,1497.47,10.8,5,Юг,Базовый,Оптика,Нет,Нет
C0193,34.0,57,1274.42,57.0,2,Запад,Стандарт,DSL,Нет,Нет
C0194,58.0,26,848.81,30.9,0,Юг,Премиум,Мобильный,Нет,Да
C0195,25.0,9,786.24,33.6,1,Запад,Стандарт,DSL,Да,Да
C0196,27.0,3,1730.9,32.5,1,Центр,Стандарт,DSL,Нет,Да
C0197,47.0,57,1331.02,38.5,1,Юг,Стандарт,Оптика,Нет,Нет
C0198,34.0,58,1193.68,18.9,2,Восток,Базовый,Оптика,Да,Нет
C0199,39.0,45,1453.66,7.2,1,Центр,Стандарт,DSL,Да,Нет
C0200,37.0,7,1791.82,21.3,3,Центр,Премиум,Оптика,Нет,Нет
C0201,43.0,18,1527.56,36.8,4,Запад,Премиум,Оптика,Нет,Нет
C0202,57.0,3,1167.9,15.7,2,Север,Стандарт,Оптика,Да,Нет
C0203,40.0,4,1977.31,49.0,2,Центр,Базовый,DSL,Нет,Да
C0204,47.0,15,2129.05,27.4,0,Север,Стандарт,Оптика,Нет,Нет
C0205,18.0,35,1662.66,14.9,0,Север,Стандарт,Мобильный,Да,Нет
C0206,38.0,4,1868.68,31.6,1,Юг,Базовый,DSL,Да,Нет
C0207,28.0,60,1984.04,36.5,4,Запад,Базовый,DSL,Да,Нет
C0208,23.0,28,1935.94,37.9,0,Запад,Базовый,DSL,Нет,Нет
C0209,28.0,16,1714.06,3.5,1,Восток,Стандарт,Оптика,Да,Нет
C0210,35.0,31,1707.29,3.0,0,Восток,Базовый,DSL,Да,Нет
C0211,51.0,48,1673.45,48.0,1,Север,Базовый,Оптика,Нет,Нет
C0212,22.0,19,978.14,12.1,3,Запад,Базовый,Мобильный,Нет,Нет
C0213,39.0,3,1751.31,48.0,3,Центр,Премиум,DSL,Нет,Да
C0214,,4,867.0,50.2,2,Центр,Базовый,Оптика,Да,Да
C0215,35.0,52,1108.32,14.6,0,Запад,Базовый,DSL,Нет,Нет
C0216,52.0,7,2010.53,16.3,1,Запад,Стандарт,DSL,Да,Да
C0217,46.0,39,1811.29,42.0,2,Север,Базовый,Оптика,Да,Нет
C0218,56.0,24,2089.58,23.6,1,Восток,Премиум,Оптика,Нет,Да
C0219,37.0,47,1333.18,53.9,2,Юг,Премиум,Мобильный,Нет,Нет
C0220,30.0,4,6800.0,61.4,0,Север,Стандарт,Оптика,Да,Нет
C0221,36.0,54,1346.61,14.9,3,Центр,Стандарт,DSL,Нет,Нет
C0222,42.0,42,1493.87,18.7,2,Центр,Стандарт,Оптика,Да,Нет
C0223,41.0,27,1483.97,30.8,0,Юг,Базовый,DSL,Да,Да
C0224,25.0,13,1937.48,7.0,0,Север,Базовый,Мобильный,Да,Да
C0225,40.0,59,1294.65,9.5,1,Юг,Базовый,Оптика,Да,Нет
C0226,42.0,19,1601.37,17.5,2,Центр,Базовый,Оптика,Нет,Нет
C0227,72.0,30,1024.89,71.9,2,Запад,Стандарт,Оптика,Нет,Нет
C0228,63.0,24,1643.64,33.3,2,Юг,Базовый,Оптика,Нет,Нет
C0229,28.0,14,1451.34,20.4,1,Запад,Базовый,Оптика,Да,Нет
C0230,35.0,25,1127.58,16.3,2,Центр,Стандарт,DSL,Да,Нет
C0231,,10,1348.59,14.5,2,Юг,Стандарт,DSL,Да,Нет
C0232,31.0,1,1370.8,21.2,1,Запад,Базовый,DSL,Нет,Нет
C0233,43.0,18,1333.83,20.6,2,Север,Базовый,Оптика,Да,Нет
C0234,55.0,7,2211.68,25.9,3,Центр,Базовый,Оптика,Да,Нет
C0235,30.0,25,1407.67,37.4,3,Центр,Базовый,DSL,Нет,Нет
C0236,30.0,52,1345.12,28.0,3,Центр,Премиум,Оптика,Нет,Да
C0237,18.0,10,548.1,43.3,1,Север,Премиум,Оптика,Да,Нет
C0238,37.0,1,1065.49,24.9,2,Север,Стандарт,DSL,Да,Нет
C0239,25.0,7,1336.88,63.8,2,Центр,Стандарт,Мобильный,Нет,Да
C0240,32.0,31,1155.08,42.8,0,Юг,Стандарт,Оптика,Да,Нет
C0241,28.0,17,2044.13,32.8,2,Центр,Стандарт,Оптика,Да,Нет
C0242,38.0,30,1379.08,37.5,5,Север,Базовый,Оптика,Нет,Да
C0243,18.0,2,2004.03,21.6,1,Восток,Базовый,Оптика,Да,Нет
C0244,20.0,20,1476.53,25.6,0,Центр,Стандарт,Мобильный,Да,Нет
C0245,67.0,25,1466.01,25.1,1,Центр,Стандарт,Оптика,Да,Нет
C0246,22.0,26,1411.82,19.1,1,Центр,Базовый,Оптика,Да,Нет
C0247,25.0,34,1451.63,13.0,1,Центр,Базовый,Мобильный,Да,Нет
C0248,63.0,47,2189.08,38.5,2,Юг,Базовый,Мобильный,Да,Да
C0249,77.0,29,452.57,46.7,3,Центр,Базовый,Мобильный,Да,Нет
C0250,24.0,51,589.34,35.8,1,Центр,Стандарт,DSL,Да,Нет
C0251,34.0,32,1216.44,28.0,1,Запад,Стандарт,DSL,Нет,Нет
C0252,43.0,16,1456.25,78.0,6,Запад,Стандарт,Оптика,Нет,Нет
C0253,61.0,14,1746.74,20.3,0,Центр,Базовый,Оптика,Да,Нет
C0254,26.0,20,1653.43,33.4,2,Север,Базовый,Оптика,Да,Нет
C0255,36.0,36,1284.77,50.1,0,Юг,Премиум,Оптика,Нет,Нет
C0256,49.0,15,1888.19,15.4,1,Запад,Стандарт,Оптика,Нет,Нет
C0257,45.0,55,1892.98,40.0,1,Восток,Базовый,Оптика,Нет,Нет
C0258,34.0,29,1529.14,65.8,2,Центр,Базовый,Оптика,Да,Нет
C0259,37.0,52,1863.94,29.2,3,Центр,Премиум,Оптика,Да,Нет
C0260,21.0,41,1567.24,31.8,2,Север,Стандарт,Оптика,Да,Нет
C0261,36.0,21,1208.56,20.3,0,Запад,Премиум,Оптика,Нет,Нет
C0262,36.0,14,1750.06,37.3,4,Запад,Стандарт,Оптика,Да,Нет
C0263,42.0,45,1497.56,18.8,3,Центр,Стандарт,Оптика,Да,Нет
C0264,32.0,20,1450.58,28.3,3,Юг,Стандарт,Оптика,Да,Нет
C0265,45.0,15,2083.37,12.1,1,Центр,Базовый,Оптика,Да,Нет
C0266,52.0,56,396.12,4.8,3,Восток,Стандарт,DSL,Да,Нет
C0267,41.0,29,840.4,22.6,2,Запад,Стандарт,Оптика,Да,Да
C0268,44.0,3,939.56,22.4,5,Север,Базовый,Оптика,Нет,Да
C0269,,30,1293.8,23.7,5,Центр,Премиум,DSL,Нет,Да
C0270,39.0,28,1340.52,42.1,1,Юг,Стандарт,Оптика,Нет,Нет
C0271,30.0,52,801.85,47.4,1,Север,Базовый,Мобильный,Да,Нет
C0272,43.0,43,1026.38,34.1,2,Восток,Базовый,DSL,Нет,Нет
C0273,38.0,12,1079.84,40.7,4,Север,Премиум,Оптика,Нет,Нет
C0274,66.0,10,2506.69,19.1,2,Запад,Премиум,Мобильный,Да,Нет
C0275,59.0,37,2224.75,16.6,3,Центр,Стандарт,Мобильный,Да,Нет
C0276,44.0,3,,37.6,2,Центр,Премиум,Оптика,Нет,Нет
C0277,29.0,20,1293.66,15.3,7,Север,Премиум,Оптика,Да,Нет
C0278,25.0,9,955.84,14.3,4,Центр,Премиум,Мобильный,Да,Нет
C0279,54.0,2,629.5,98.5,2,Центр,Премиум,Оптика,Да,Нет
C0280,42.0,56,1399.74,30.2,0,Восток,Стандарт,DSL,Да,Нет
C0281,45.0,6,1020.92,22.4,0,Центр,Стандарт,DSL,Да,Нет
C0282,18.0,1,1413.51,21.0,2,Центр,Стандарт,Оптика,Да,Нет
C0283,51.0,56,761.91,12.3,0,Центр,Стандарт,Оптика,Да,Нет
C0284,45.0,12,1122.35,33.7,1,Центр,Базовый,DSL,Нет,Да
C0285,25.0,49,1513.91,24.8,2,Запад,Стандарт,Оптика,Да,Нет
C0286,33.0,2,1607.47,46.7,1,Запад,Премиум,Оптика,Да,Нет
C0287,42.0,10,1629.51,38.2,2,Центр,Базовый,Оптика,Да,Нет
C0288,40.0,7,882.19,24.4,2,Восток,Премиум,Мобильный,Нет,Нет
C0289,35.0,43,1817.51,8.3,3,Восток,Стандарт,Оптика,Нет,Нет
C0290,38.0,38,1105.91,30.2,3,Запад,Базовый,Мобильный,Да,Нет
C0291,36.0,29,1722.13,28.8,1,Север,Базовый,Мобильный,Да,Нет
C0292,41.0,15,1445.43,7.2,4,Центр,Стандарт,DSL,Да,Нет
C0293,58.0,6,858.15,36.0,3,Север,Стандарт,Оптика,Да,Нет
C0294,18.0,35,1314.03,15.0,5,Запад,Базовый,DSL,Нет,Да
C0295,36.0,14,1607.11,47.9,1,Восток,Стандарт,Мобильный,Да,Нет
C0296,41.0,36,1713.58,27.9,1,Юг,Базовый,DSL,Нет,Нет
C0297,43.0,42,1389.38,20.7,1,Центр,Стандарт,Оптика,Да,Нет
C0298,34.0,51,2108.66,32.4,2,Восток,Премиум,Мобильный,Да,Нет
C0299,18.0,30,1883.23,31.4,0,Запад,Стандарт,DSL,Нет,Нет
C0300,43.0,1,1339.64,30.8,4,Север,Стандарт,Мобильный,Да,Нет
C0301,61.0,17,1772.55,44.8,2,Восток,Стандарт,DSL,Нет,Нет
C0302,19.0,52,2281.53,33.4,3,Север,Премиум,Оптика,Да,Нет
C0303,50.0,32,2293.01,19.7,1,Юг,Базовый,Оптика,Нет,Нет
C0304,35.0,38,921.96,25.3,0,Юг,Базовый,Оптика,Да,Нет
C0305,38.0,28,1051.59,56.5,5,Восток,Базовый,Оптика,Да,Да
C0306,25.0,10,2088.52,18.7,0,Запад,Стандарт,Мобильный,Нет,Нет
C0307,35.0,54,994.94,35.7,1,Север,Стандарт,Оптика,Да,Нет
C0308,56.0,47,881.31,45.6,1,Север,Стандарт,Оптика,Да,Нет
C0309,47.0,60,1240.94,37.5,0,,Базовый,Мобильный,Нет,Да
C0310,62.0,52,1630.7,30.3,1,Центр,Базовый,Оптика,Да,Нет
C0311,54.0,18,1405.97,32.8,1,Центр,Стандарт,DSL,Нет,Да
C0312,45.0,16,1170.26,38.7,3,Центр,Премиум,Мобильный,Нет,Нет
C0313,62.0,15,1160.09,18.6,2,Север,Базовый,DSL,Нет,Нет
C0314,45.0,56,1143.7,28.9,3,Центр,Базовый,Оптика,Да,Нет
C0315,50.0,34,1071.81,77.8,3,Север,Базовый,Оптика,Да,Нет
C0316,35.0,28,2431.1,36.3,3,Восток,Стандарт,Оптика,Нет,Нет
C0317,40.0,59,1577.93,30.9,0,Центр,Базовый,DSL,Да,Нет
C0318,30.0,37,1831.31,23.9,3,Юг,Базовый,DSL,Да,Нет
C0319,52.0,55,1239.7,18.7,0,Запад,Стандарт,Оптика,Да,Нет
C0320,24.0,60,1370.04,33.3,2,Юг,Базовый,DSL,Да,Нет
C0321,49.0,5,1143.17,34.5,1,Центр,Стандарт,Оптика,Да,Нет
C0322,,22,350.0,27.9,0,Север,Базовый,Оптика,Нет,Нет
C0323,54.0,45,857.46,93.3,1,Юг,Премиум,Оптика,Нет,Нет
C0324,49.0,49,671.43,19.6,0,Юг,Стандарт,DSL,Нет,Нет
C0325,63.0,9,482.59,17.1,2,Центр,Базовый,Оптика,Да,Нет
C0326,49.0,20,936.0,24.1,2,Север,Базовый,Мобильный,Да,Нет
C0327,19.0,33,2019.73,28.4,1,Юг,Стандарт,Оптика,Да,Да
C0328,38.0,48,1430.89,18.2,1,Центр,Премиум,DSL,Нет,Нет
C0329,24.0,7,2004.94,32.9,0,Юг,Базовый,DSL,Да,Нет
C0330,32.0,37,1626.72,34.7,0,Центр,Базовый,Оптика,Да,Нет
C0331,59.0,18,1786.5,41.0,2,Север,Базовый,Мобильный,Да,Нет
C0332,47.0,13,1062.61,22.0,3,Восток,Стандарт,Оптика,Нет,Нет
C0333,30.0,31,1675.3,54.1,1,Центр,Премиум,DSL,Нет,Нет
C0334,26.0,25,1763.35,39.6,1,Юг,Стандарт,Оптика,Нет,Нет
C0335,39.0,39,1202.04,19.4,2,Север,Базовый,DSL,Да,Нет
C0336,23.0,20,1690.6,18.1,2,Север,Стандарт,Оптика,Нет,Нет
C0337,30.0,50,1693.46,25.0,3,Запад,Стандарт,Мобильный,Да,Нет
C0338,43.0,5,1213.69,34.8,1,Север,Базовый,Оптика,Да,Да
C0339,54.0,52,967.21,37.3,1,Центр,Базовый,DSL,Да,Нет
C0340,47.0,2,940.82,39.6,2,Запад,Базовый,Оптика,Да,Нет
C0341,18.0,45,1487.2,75.3,0,Восток,Стандарт,DSL,Да,Нет
C0342,43.0,21,1590.61,9.1,3,Восток,Стандарт,DSL,Да,Нет
C0343,40.0,24,1109.21,9.9,0,Центр,Стандарт,Оптика,Да,Нет
C0344,44.0,2,1461.43,27.5,1,Центр,Премиум,Оптика,Нет,Нет
C0345,60.0,43,1695.33,72.2,3,Юг,Базовый,Оптика,Нет,Нет
C0346,18.0,10,1715.82,41.9,0,Центр,Базовый,Мобильный,Нет,Да
C0347,31.0,40,2117.31,16.5,0,Центр,Базовый,DSL,Да,Нет
C0348,47.0,44,1999.1,32.1,2,Восток,Премиум,Мобильный,Да,Нет
C0349,18.0,51,1019.44,26.7,2,,Стандарт,Оптика,Нет,Нет
C0350,58.0,43,2173.94,26.2,0,Центр,Базовый,DSL,Да,Нет
C0351,44.0,19,1221.68,21.8,2,Центр,Базовый,Мобильный,Да,Нет
C0352,50.0,45,1899.3,30.7,8,Север,Стандарт,DSL,Да,Нет
C0353,32.0,50,1479.23,49.2,3,Юг,Стандарт,Оптика,Нет,Нет
C0354,50.0,20,1272.78,22.9,5,Запад,Стандарт,Оптика,Да,Нет
C0355,53.0,8,672.69,39.7,5,Центр,Базовый,Оптика,Нет,Нет
C0356,42.0,54,1376.23,43.2,1,Центр,Премиум,Мобильный,Да,Нет
C0357,42.0,9,779.47,53.9,2,Юг,Стандарт,DSL,Да,Нет
C0358,,36,1865.94,18.0,1,Север,Стандарт,Мобильный,Да,Нет
C0359,28.0,15,2102.22,29.5,1,Юг,Стандарт,DSL,Да,Нет
C0360,37.0,8,1107.33,20.5,1,Запад,Премиум,DSL,Да,Нет
C0361,37.0,47,1579.85,30.8,2,Юг,Премиум,Оптика,Нет,Нет
C0362,44.0,9,1138.08,30.7,1,Север,Стандарт,Мобильный,Да,Нет
C0363,52.0,41,1179.75,15.5,0,Запад,Стандарт,DSL,Да,Нет
C0364,25.0,42,1783.03,31.7,3,Центр,Стандарт,Мобильный,Нет,Нет
C0365,37.0,4,1433.43,77.2,1,Запад,Премиум,DSL,Да,Нет
C0366,58.0,11,2198.05,37.4,2,Юг,Стандарт,Оптика,Да,Нет
C0367,29.0,48,1242.64,13.7,2,Юг,Базовый,Оптика,Да,Нет
C0368,28.0,31,1879.71,17.3,1,Запад,Базовый,DSL,Да,Нет
C0369,42.0,8,1491.89,28.7,2,Юг,Премиум,Мобильный,Да,Нет
C0370,50.0,60,1792.18,17.6,7,Север,Премиум,Оптика,Нет,Нет
C0371,39.0,16,1257.72,52.5,1,Центр,Премиум,Оптика,Да,Нет
C0372,56.0,1,1428.69,12.7,2,Восток,Стандарт,Оптика,Нет,Нет
C0373,50.0,56,1400.34,37.5,3,Юг,Стандарт,Оптика,Да,Нет
C0374,50.0,1,1090.5,11.2,2,Центр,Премиум,Оптика,Нет,Нет
C0375,46.0,34,1734.7,28.5,2,Восток,Базовый,Мобильный,Нет,Да
C0376,69.0,60,1729.61,16.1,1,Юг,Базовый,Оптика,Да,Нет
C0377,36.0,35,1705.23,40.9,0,Север,Премиум,Оптика,Да,Нет
C0378,18.0,36,7500.0,48.2,4,Центр,Базовый,Оптика,Да,Нет
C0379,60.0,24,2073.22,34.7,1,Север,Стандарт,Оптика,Нет,Нет
C0380,33.0,8,1288.77,49.3,1,Центр,Стандарт,Оптика,Нет,Нет
C0381,40.0,35,1610.41,5.9,1,Центр,Стандарт,Оптика,Да,Да
C0382,56.0,54,1181.85,31.5,0,Север,Базовый,Оптика,Нет,Нет
C0383,18.0,6,1460.04,37.3,5,Центр,Стандарт,Оптика,Да,Нет
C0384,,53,1192.11,39.7,1,Центр,Базовый,Мобильный,Да,Нет
C0385,18.0,25,2146.63,9.2,2,Восток,Премиум,Мобильный,Нет,Нет
C0386,29.0,33,1606.39,36.2,2,Север,Базовый,Мобильный,Да,Нет
C0387,45.0,10,1356.25,40.1,3,Запад,Стандарт,Оптика,Да,Нет
C0388,46.0,38,1963.26,31.3,2,Запад,Стандарт,Оптика,Нет,Нет
C0389,43.0,11,516.64,13.8,3,Юг,Базовый,DSL,Да,Нет
C0390,21.0,17,583.94,21.7,2,Запад,Базовый,Оптика,Нет,Да
C0391,18.0,44,1792.21,52.6,1,Запад,Стандарт,DSL,Да,Нет
C0392,40.0,4,1476.0,49.7,1,Север,Базовый,DSL,Да,Нет
C0393,33.0,27,1557.69,36.9,2,Восток,Базовый,Мобильный,Да,Нет
C0394,45.0,36,879.65,41.4,4,Центр,Стандарт,Мобильный,Нет,Нет
C0395,48.0,8,1440.01,46.9,2,Восток,Премиум,Оптика,Да,Нет
C0396,41.0,18,2311.51,36.7,1,Юг,Стандарт,DSL,Да,Нет
C0397,49.0,21,1804.41,51.9,1,Центр,Стандарт,Оптика,Нет,Нет
C0398,42.0,40,1522.97,51.0,2,Центр,Премиум,Оптика,Нет,Нет
C0399,46.0,59,1261.21,89.0,3,Запад,Стандарт,Мобильный,Нет,Нет
C0400,30.0,51,1280.33,22.2,1,Север,Стандарт,Мобильный,Да,Нет
C0401,37.0,12,534.44,22.4,3,Центр,Стандарт,Оптика,Да,Нет
C0402,42.0,2,1560.79,4.1,1,Центр,Базовый,DSL,Да,Да
C0403,50.0,4,1813.56,35.4,2,Юг,Базовый,DSL,Нет,Нет
C0404,34.0,36,772.48,70.1,1,Запад,Стандарт,DSL,Нет,Нет
C0405,46.0,10,1165.59,53.9,0,Восток,Базовый,Оптика,Нет,Нет
C0406,36.0,14,952.29,43.9,2,Север,Стандарт,DSL,Да,Нет
C0407,37.0,51,1034.9,55.7,1,Центр,Базовый,DSL,Да,Нет
C0408,50.0,53,1473.0,37.6,4,Центр,Стандарт,Оптика,Да,Да
C0409,18.0,51,553.71,25.1,1,Юг,Базовый,DSL,Да,Нет
C0410,22.0,16,1714.14,78.6,4,Восток,Стандарт,Оптика,Да,Нет
C0411,20.0,38,1774.16,36.2,4,Восток,Стандарт,DSL,Да,Нет
C0412,18.0,37,1342.03,50.5,1,Север,Базовый,Мобильный,Нет,Нет
C0413,30.0,12,383.3,5.9,0,Юг,Базовый,DSL,Нет,Да
C0414,49.0,34,1021.54,6.8,1,Север,Базовый,DSL,Нет,Да
C0415,35.0,32,1980.15,32.0,3,Юг,Премиум,DSL,Нет,Нет
C0416,42.0,24,350.0,17.6,5,Юг,Базовый,Оптика,Нет,Нет
C0417,53.0,46,1300.56,33.5,2,Восток,Стандарт,DSL,Нет,Нет
C0418,56.0,41,942.6,22.4,1,Юг,Базовый,Оптика,Да,Нет
C0419,132.0,32,1795.97,95.4,3,Запад,Базовый,DSL,Нет,Нет
C0420,57.0,44,1159.7,48.5,2,Север,Стандарт,Мобильный,Да,Нет
C0421,40.0,46,1623.7,58.3,2,Центр,Стандарт,DSL,Да,Нет
C0422,28.0,35,,7.8,2,Центр,Базовый,Оптика,Да,Нет
C0423,31.0,17,2239.58,43.6,3,Юг,Премиум,Мобильный,Нет,Нет
C0424,20.0,46,1362.73,26.7,0,Юг,Базовый,DSL,Нет,Нет
C0425,27.0,44,1611.7,58.9,1,Юг,Базовый,DSL,Нет,Нет
C0426,34.0,60,811.43,40.5,2,Восток,Стандарт,Мобильный,Нет,Нет
C0427,49.0,9,1961.88,28.8,0,Центр,Стандарт,Оптика,Нет,Да
C0428,61.0,26,1122.98,14.7,0,Восток,Стандарт,DSL,Да,Нет
C0429,21.0,56,1208.88,31.7,1,Восток,Базовый,Оптика,Нет,Нет
C0430,44.0,31,1440.43,52.0,1,Север,Премиум,DSL,Нет,Нет
C0431,25.0,57,777.96,60.6,2,Север,Стандарт,Мобильный,Нет,Нет
C0432,45.0,1,1548.37,24.3,2,Центр,Премиум,Оптика,Да,Да
C0433,37.0,3,1866.01,87.7,3,Север,Премиум,Оптика,Да,Нет
C0434,18.0,48,1575.96,50.0,3,Восток,Премиум,DSL,Нет,Нет
C0435,51.0,22,766.77,17.8,1,Запад,Стандарт,Оптика,Да,Нет
C0436,31.0,32,1396.76,15.5,0,,Базовый,Оптика,Да,Нет
C0437,32.0,26,1769.07,27.6,2,Центр,Стандарт,DSL,Да,Нет
C0438,25.0,25,642.46,24.2,0,Восток,Стандарт,Мобильный,Да,Нет
C0439,30.0,57,987.85,37.8,1,Восток,Стандарт,Оптика,Да,Нет
C0440,45.0,6,1826.91,30.0,1,Север,Стандарт,Оптика,Нет,Нет
C0441,37.0,47,1566.14,25.3,1,,Базовый,DSL,Нет,Нет
C0442,43.0,54,1627.15,11.6,1,Центр,Премиум,DSL,Нет,Нет
C0443,44.0,40,2249.58,41.1,0,Центр,Базовый,Оптика,Да,Нет
C0444,56.0,24,1651.48,10.9,1,Центр,Премиум,Оптика,Да,Нет
C0445,35.0,10,1732.89,50.1,0,Центр,Базовый,Оптика,Да,Нет
C0446,20.0,41,2615.62,8.4,2,Запад,Базовый,DSL,Да,Нет
C0447,53.0,29,1358.06,10.5,2,Север,Премиум,Мобильный,Да,Нет
C0448,35.0,9,1106.91,17.7,1,Центр,Премиум,DSL,Нет,Нет
C0449,53.0,22,1633.95,23.1,1,Север,Стандарт,Оптика,Нет,Нет
C0450,44.0,58,1638.77,20.5,4,Север,Премиум,Оптика,Да,Нет
C0451,37.0,16,1223.51,23.0,1,Север,Базовый,DSL,Да,Нет
C0452,44.0,11,1006.07,33.9,0,Центр,Премиум,DSL,Да,Нет
C0453,64.0,41,2443.23,18.0,0,Восток,Базовый,DSL,Да,Нет
C0454,66.0,12,1590.54,34.0,1,Центр,Стандарт,Мобильный,Да,Нет
C0455,40.0,56,1135.12,5.9,1,Восток,Стандарт,Оптика,Да,Нет
C0456,41.0,52,1843.85,17.6,2,,Базовый,Оптика,Да,Нет
C0457,53.0,60,1403.07,10.2,1,Восток,Стандарт,Мобильный,Да,Нет
C0458,28.0,55,1341.26,49.8,1,Восток,Стандарт,Оптика,Нет,Нет
C0459,,15,1691.78,19.3,0,Центр,Базовый,Оптика,Да,Нет
C0460,39.0,13,894.49,39.8,1,Центр,Премиум,Оптика,Да,Нет
C0461,43.0,21,1601.63,9.1,1,Запад,Стандарт,Оптика,Да,Да
C0462,28.0,29,2272.57,60.1,0,Юг,Базовый,Оптика,Да,Нет
C0463,18.0,53,1650.46,30.9,2,Юг,Стандарт,Мобильный,Да,Нет
C0464,18.0,45,1288.23,190.0,1,Центр,Базовый,Оптика,Нет,Нет
C0465,24.0,39,1231.94,29.1,1,Центр,Базовый,Оптика,Нет,Да
C0466,33.0,53,1273.55,11.6,1,Юг,Стандарт,Оптика,Нет,Нет
C0467,35.0,39,1340.8,16.3,5,Запад,Базовый,Мобильный,Да,Нет
C0468,64.0,23,1287.54,25.8,2,Центр,Базовый,DSL,Да,Нет
C0469,53.0,25,1844.01,16.7,2,Восток,Стандарт,Мобильный,Да,Да
C0470,26.0,32,704.72,47.4,1,Восток,Базовый,DSL,Да,Нет
C0471,44.0,6,1820.66,30.4,3,Центр,Премиум,Оптика,Нет,Да
C0472,34.0,45,1286.73,16.8,1,Центр,Стандарт,Мобильный,Да,Нет
C0473,35.0,40,1612.09,43.8,2,Центр,Базовый,Оптика,Да,Нет
C0474,41.0,44,965.4,23.9,1,Север,Стандарт,DSL,Да,Нет
C0475,47.0,33,2021.31,42.8,4,Юг,Базовый,Мобильный,Да,Нет
C0476,35.0,47,1985.62,21.9,3,Север,Стандарт,Оптика,Нет,Нет
C0477,53.0,57,1862.62,38.4,5,Центр,Базовый,Оптика,Да,Нет
C0478,24.0,35,798.66,23.5,1,Восток,Премиум,Оптика,Да,Да
C0479,39.0,27,1806.52,47.4,2,Юг,Базовый,Оптика,Да,Нет
C0480,73.0,7,1624.09,9.2,1,Юг,Стандарт,Оптика,Нет,Нет
C0481,42.0,47,759.73,14.0,2,Юг,Базовый,DSL,Да,Нет
C0482,58.0,55,1439.55,27.0,1,Центр,Базовый,Оптика,Нет,Нет
C0483,40.0,42,1606.75,19.8,2,,Стандарт,Мобильный,Да,Нет
C0484,47.0,52,1689.11,23.1,0,Север,Стандарт,DSL,Да,Нет
C0485,38.0,52,1526.22,40.7,2,Север,Премиум,Оптика,Нет,Нет
C0486,37.0,48,1575.23,22.8,2,Центр,Базовый,Оптика,Да,Нет
C0487,29.0,31,2083.65,34.6,3,Юг,Базовый,Мобильный,Да,Да
C0488,45.0,6,1977.19,17.5,1,Юг,Базовый,Оптика,Да,Да
C0489,28.0,1,350.0,7.9,2,Север,Стандарт,Мобильный,Да,Да
C0490,48.0,13,1313.5,42.6,1,Запад,Премиум,DSL,Да,Нет
C0491,53.0,26,1379.2,66.9,4,Запад,Премиум,Оптика,Нет,Нет
C0492,44.0,45,696.6,32.8,2,Центр,Премиум,Мобильный,Да,Нет
C0493,35.0,28,1490.5,27.8,1,Восток,Базовый,Мобильный,Да,Да
C0494,45.0,2,1986.97,31.0,4,Север,Стандарт,Оптика,Да,Нет
C0495,35.0,13,982.78,55.9,4,Запад,Стандарт,Оптика,Нет,Нет
C0496,51.0,59,1594.65,33.0,2,Центр,Базовый,Оптика,Да,Нет
C0497,18.0,60,1056.2,43.7,4,Центр,Стандарт,DSL,Да,Нет
C0498,35.0,23,1161.08,42.7,1,Север,Базовый,Мобильный,Да,Нет
C0499,18.0,49,2085.28,49.4,4,Центр,Базовый,Мобильный,Да,Нет
C0500,20.0,44,1216.7,27.5,2,Восток,Премиум,Оптика,Нет,Нет
C0501,57.0,56,1648.75,21.7,1,Юг,Базовый,Оптика,Да,Нет
C0502,51.0,54,645.38,38.6,4,Центр,Премиум,Оптика,Да,Нет
C0503,30.0,38,2250.8,47.7,1,Юг,Базовый,DSL,Да,Да
C0504,19.0,24,1709.14,52.2,2,Запад,Базовый,Оптика,Нет,Нет
C0505,18.0,38,1371.53,59.4,0,Восток,Базовый,Оптика,Да,Нет
C0506,32.0,20,1697.48,45.5,2,Юг,Базовый,DSL,Да,Нет
C0507,70.0,21,843.78,21.1,1,Центр,Стандарт,Оптика,Да,Нет
C0508,45.0,37,1958.49,32.8,2,Центр,Базовый,Мобильный,Нет,Нет
C0509,32.0,35,1310.69,31.3,0,Запад,Стандарт,DSL,Нет,Нет
C0510,45.0,35,1362.25,29.5,1,Восток,Премиум,Оптика,Да,Нет
C0511,19.0,24,1238.59,38.7,1,Юг,Стандарт,Оптика,Нет,Нет
C0512,35.0,25,1200.32,26.2,1,Запад,Базовый,DSL,Нет,Да
C0513,40.0,1,1748.71,26.2,3,Центр,Стандарт,Оптика,Да,Нет
C0514,38.0,37,1560.04,68.9,0,Восток,Стандарт,Оптика,Да,Нет
C0515,49.0,35,9100.0,28.3,2,Центр,Стандарт,DSL,Да,Нет
C0516,43.0,57,1446.22,49.2,4,Центр,Базовый,DSL,Да,Нет
C0517,48.0,31,1670.68,50.7,5,Юг,Стандарт,Мобильный,Да,Нет
C0518,30.0,29,1269.9,33.2,0,Север,Стандарт,Оптика,Да,Нет
C0519,51.0,5,2408.78,26.7,4,Запад,Базовый,Оптика,Нет,Нет
C0520,60.0,12,775.79,17.9,0,Север,Базовый,Оптика,Да,Нет
C0521,26.0,21,1992.2,10.8,0,Восток,Премиум,Мобильный,Нет,Да
C0522,27.0,23,2038.2,40.1,1,Восток,Базовый,Оптика,Да,Нет
C0523,56.0,22,,36.0,3,Восток,Базовый,Мобильный,Да,Нет
C0524,37.0,24,2408.59,43.1,1,Запад,Базовый,Оптика,Нет,Нет
C0525,57.0,47,1878.06,22.5,1,Север,Стандарт,Оптика,Да,Нет
C0526,33.0,8,1867.59,72.5,0,Север,Стандарт,Оптика,Да,Да
C0527,58.0,20,1462.05,37.7,2,Центр,Базовый,Оптика,Да,Да
C0528,41.0,10,1356.59,27.7,3,Центр,Стандарт,Оптика,Нет,Нет
C0529,,19,1359.95,7.6,0,Запад,Стандарт,DSL,Да,Нет
C0530,59.0,42,1617.93,23.9,1,Юг,Базовый,Оптика,Да,Нет
C0531,34.0,3,2052.51,44.2,2,Север,Премиум,Оптика,Да,Нет
C0532,27.0,21,1527.97,58.6,0,Центр,Базовый,DSL,Да,Нет
C0533,33.0,2,1058.08,30.0,1,Юг,Базовый,Оптика,Да,Нет
C0534,45.0,58,1804.5,63.4,1,Восток,Премиум,Оптика,Да,Нет
C0535,19.0,44,1846.09,17.1,2,Центр,Премиум,Оптика,Да,Нет
C0536,47.0,15,1731.5,36.6,0,Восток,Базовый,Мобильный,Да,Да
C0537,32.0,12,1770.56,37.1,1,Юг,Премиум,Оптика,Нет,Нет
C0538,54.0,6,1333.5,40.3,2,Восток,Стандарт,Мобильный,Нет,Нет
C0539,18.0,29,1050.53,32.2,1,Центр,Базовый,Оптика,Да,Нет
C0540,29.0,46,1076.68,35.6,2,Юг,Премиум,DSL,Да,Нет
C0541,18.0,36,746.75,16.9,2,Центр,Стандарт,Мобильный,Да,Нет
C0542,28.0,53,1551.89,55.8,1,Север,Базовый,DSL,Нет,Нет
C0543,42.0,21,1414.12,46.8,5,Восток,Стандарт,Оптика,Да,Нет
C0544,37.0,17,1260.81,34.9,2,Юг,Стандарт,Оптика,Да,Нет
C0545,36.0,29,350.0,47.4,1,Центр,Базовый,Оптика,Да,Нет
C0546,37.0,13,913.65,56.7,1,Запад,Премиум,Оптика,Да,Нет
C0547,42.0,59,1931.96,40.0,1,Центр,Стандарт,Оптика,Да,Нет
C0548,26.0,12,1164.21,76.4,1,Юг,Стандарт,DSL,Да,Нет
C0549,48.0,29,1605.05,41.7,1,Запад,Стандарт,DSL,Нет,Да
C0550,48.0,32,852.01,18.4,0,Юг,Стандарт,DSL,Да,Нет
C0551,44.0,4,2068.64,34.0,2,Восток,Базовый,DSL,Нет,Нет
C0552,46.0,29,1388.07,48.3,4,Юг,Премиум,Оптика,Нет,Нет
C0553,43.0,28,1574.72,56.7,3,Восток,Стандарт,Оптика,Да,Нет
C0554,65.0,16,2450.09,32.6,5,Восток,Стандарт,Оптика,Нет,Да
C0555,38.0,8,2102.07,17.6,0,Восток,Стандарт,Оптика,Нет,Да
C0556,35.0,3,1318.18,26.4,2,Центр,Базовый,DSL,Нет,Да
C0557,29.0,1,1194.92,13.3,1,Восток,Базовый,Оптика,Нет,Да
C0558,26.0,29,1310.02,43.8,2,Центр,Базовый,Оптика,Да,Нет
C0559,,6,1669.26,23.7,1,Запад,Базовый,Мобильный,Да,Нет
C0560,27.0,58,1404.75,20.1,3,Центр,Стандарт,Оптика,Да,Нет
C0561,38.0,15,1280.05,46.0,0,Центр,Премиум,DSL,Да,Нет
C0562,,40,2080.89,62.8,0,Запад,Базовый,Оптика,Да,Нет
C0563,40.0,41,1400.89,20.1,0,Центр,Базовый,Мобильный,Да,Нет
C0564,29.0,30,2438.82,32.7,3,Север,Стандарт,Оптика,Да,Нет
C0565,51.0,54,1489.02,27.0,3,Восток,Базовый,DSL,Нет,Нет
C0566,49.0,7,2217.69,58.0,3,Центр,Премиум,DSL,Нет,Нет
C0567,37.0,15,1603.65,28.7,0,Центр,Стандарт,Оптика,Да,Нет
C0568,31.0,16,1864.07,16.7,3,Юг,Базовый,Мобильный,Да,Нет
C0569,46.0,9,1138.42,29.4,2,Центр,Базовый,Оптика,Да,Нет
C0570,41.0,18,1082.88,52.0,1,Центр,Премиум,Оптика,Нет,Нет
C0571,20.0,19,1647.67,26.2,4,Центр,Базовый,Оптика,Нет,Да
C0572,38.0,46,1875.08,21.3,3,Север,Стандарт,Мобильный,Да,Нет
C0573,42.0,19,1467.31,28.0,1,Север,Базовый,Оптика,Да,Нет
C0574,27.0,53,896.85,17.0,0,Центр,Базовый,Мобильный,Да,Нет
C0575,41.0,47,865.09,27.0,3,Юг,Премиум,Оптика,Нет,Нет
C0576,20.0,55,836.33,22.1,1,Юг,Базовый,Оптика,Нет,Нет
C0577,56.0,7,689.92,83.4,2,Центр,Базовый,Оптика,Да,Нет
C0578,55.0,60,1497.08,8.8,0,Север,Стандарт,Оптика,Да,Нет
C0579,36.0,37,1933.77,18.4,0,Запад,Премиум,Мобильный,Да,Нет
C0580,44.0,59,1444.23,21.2,2,Юг,Базовый,Оптика,Да,Нет
C0581,18.0,22,478.02,17.0,0,Север,Базовый,Оптика,Нет,Да
C0582,24.0,58,1367.97,36.8,1,Юг,Премиум,Оптика,Нет,Нет
C0583,35.0,36,1380.0,19.9,6,Центр,Стандарт,Оптика,Да,Нет
C0584,25.0,5,2351.28,12.4,0,Восток,Премиум,Оптика,Да,Нет
C0585,48.0,25,823.43,31.2,1,Запад,Стандарт,Оптика,Да,Нет
C0586,65.0,9,1282.01,25.4,4,Запад,Стандарт,Оптика,Да,Нет
C0587,24.0,57,2183.52,20.4,2,Центр,Стандарт,Оптика,Да,Нет
C0588,28.0,19,1643.49,57.3,3,Север,Базовый,Оптика,Нет,Нет
C0589,42.0,14,1692.22,37.4,2,Центр,Стандарт,DSL,Нет,Да
C0590,60.0,34,1499.27,35.3,1,Север,Стандарт,Оптика,Да,Нет
C0591,23.0,26,1591.88,37.8,0,Север,Премиум,Оптика,Нет,Нет
C0592,42.0,6,1784.37,36.9,1,Юг,Стандарт,Оптика,Нет,Нет
C0593,63.0,49,1101.92,26.1,1,Центр,Базовый,Оптика,Да,Нет
C0594,,51,1827.57,20.0,1,Запад,Стандарт,Оптика,Нет,Да
C0595,22.0,45,859.61,31.5,1,Центр,Стандарт,Мобильный,Да,Нет
C0596,33.0,38,1591.2,25.8,2,Центр,Стандарт,Оптика,Нет,Нет
C0597,32.0,25,1526.86,8.7,3,Запад,Стандарт,Оптика,Да,Да
C0598,50.0,33,1184.99,16.2,0,Восток,Стандарт,Оптика,Да,Нет
C0599,42.0,32,1440.25,24.1,2,Север,Базовый,Оптика,Да,Нет
C0600,18.0,10,1182.31,46.5,3,Юг,Стандарт,Оптика,Да,Нет
C0013,40.0,27,2335.93,54.4,4,Север,Стандарт,Оптика,Да,Нет
C0078,41.0,6,1328.4,38.3,2,Юг,Стандарт,Оптика,Да,Нет
C0145,28.0,13,1210.16,16.7,0,Север,Премиум,Оптика,Да,Нет
C0323,54.0,45,857.46,93.3,1,Юг,Премиум,Оптика,Нет,Нет
C0502,51.0,54,645.38,38.6,4,Центр,Премиум,Оптика,Да,Нет
